-- Slapshot Club Data Export

-- Team Logos
INSERT INTO team_logos (id, alt, filename, mime_type, filesize, width, height, updated_at, created_at) VALUES ('m758zw3se6d75fqka86q636m', 'Logo Ziar nad Hronom', 'ftnc5uh2a8n1xezv4ln0igls.png', 'image/png', 90381, 150, 150, '2026-02-09T20:57:13.383Z', '2026-02-09T20:57:13.048Z') ON CONFLICT (id) DO NOTHING;
INSERT INTO team_logos (id, alt, filename, mime_type, filesize, width, height, updated_at, created_at) VALUES ('jt7pp5fvfr4pkj7w4ii37bfn', 'Logo Trnava', 't6ogyf9ax13t04toltbidmo3.png', 'image/png', 90381, 150, 150, '2026-02-09T20:57:12.940Z', '2026-02-09T20:57:12.668Z') ON CONFLICT (id) DO NOTHING;
INSERT INTO team_logos (id, alt, filename, mime_type, filesize, width, height, updated_at, created_at) VALUES ('db0bipupdk5kleoy81iu8wqi', 'Logo Topolcany', 'bq2443o8wyobrlcxrh20wkns.png', 'image/png', 92781, 154, 150, '2026-02-09T20:57:12.565Z', '2026-02-09T20:57:12.288Z') ON CONFLICT (id) DO NOTHING;
INSERT INTO team_logos (id, alt, filename, mime_type, filesize, width, height, updated_at, created_at) VALUES ('va8l43u0z9uviqvqss47927e', 'Logo TEBS Bratislava', 'v0lay8wgyow8bji864cva63n.png', 'image/png', 90381, 150, 150, '2026-02-09T20:57:12.189Z', '2026-02-09T20:57:11.920Z') ON CONFLICT (id) DO NOTHING;
INSERT INTO team_logos (id, alt, filename, mime_type, filesize, width, height, updated_at, created_at) VALUES ('s5nxq4r95ycxfiv6t8atfwdt', 'Logo Slovakia U18', 'om54r3w8s2xl0h63loyhuhbx.png', 'image/png', 68745, 114, 150, '2026-02-09T20:57:11.799Z', '2026-02-09T20:57:11.526Z') ON CONFLICT (id) DO NOTHING;
INSERT INTO team_logos (id, alt, filename, mime_type, filesize, width, height, updated_at, created_at) VALUES ('v4gdzg41x9xzdlpr3wqel39q', 'Logo Skalica', 'gduitn3ebmb8x3f6vzjov33u.png', 'image/png', 79557, 132, 150, '2026-02-09T20:57:11.426Z', '2026-02-09T20:57:11.122Z') ON CONFLICT (id) DO NOTHING;
INSERT INTO team_logos (id, alt, filename, mime_type, filesize, width, height, updated_at, created_at) VALUES ('a0k70x9xpca9tawgpqjmalln', 'Logo Povazska Bystrica', 'mu51nmqdpouhu21dpfn65wf6.png', 'image/png', 142663, 237, 150, '2026-02-09T20:57:11.016Z', '2026-02-09T20:57:10.699Z') ON CONFLICT (id) DO NOTHING;
INSERT INTO team_logos (id, alt, filename, mime_type, filesize, width, height, updated_at, created_at) VALUES ('rs6bmlm6zv5wpu17g6xuy2r5', 'Logo Nove Zamky', 'zxiz13u0r3kas67l5zhzmek1.png', 'image/png', 104198, 173, 150, '2026-02-09T20:57:10.583Z', '2026-02-09T20:57:10.237Z') ON CONFLICT (id) DO NOTHING;
INSERT INTO team_logos (id, alt, filename, mime_type, filesize, width, height, updated_at, created_at) VALUES ('jan168hipvl5iugt0srtk4a0', 'Logo Martin', 'dpgy0wux1vczmh1i6kg82uyk.png', 'image/png', 87969, 146, 150, '2026-02-09T20:57:10.133Z', '2026-02-09T20:57:09.707Z') ON CONFLICT (id) DO NOTHING;
INSERT INTO team_logos (id, alt, filename, mime_type, filesize, width, height, updated_at, created_at) VALUES ('oudk1et47h9bjh8dk3zij30b', 'Logo HK Levice', 'p8h437x65q7istrns394cn96.png', 'image/png', 80157, 133, 150, '2026-02-09T20:57:09.587Z', '2026-02-09T20:57:09.329Z') ON CONFLICT (id) DO NOTHING;
INSERT INTO team_logos (id, alt, filename, mime_type, filesize, width, height, updated_at, created_at) VALUES ('gl2w95rc5v9mh0bz8lxjgjcw', 'Logo HK Detva', 'uiotopc9rliwwymvwzxsd91m.png', 'image/png', 29416, 150, 150, '2026-02-09T20:57:09.211Z', '2026-02-09T20:57:08.769Z') ON CONFLICT (id) DO NOTHING;
INSERT INTO team_logos (id, alt, filename, mime_type, filesize, width, height, updated_at, created_at) VALUES ('peb1736jhhwo57spsq1ozxgi', 'Logo HC 19 Humenne', 't82gzyr0a4uqhq5zz9lhbb07.png', 'image/png', 155875, 259, 150, '2026-02-09T20:57:08.536Z', '2026-02-09T20:57:08.267Z') ON CONFLICT (id) DO NOTHING;
INSERT INTO team_logos (id, alt, filename, mime_type, filesize, width, height, updated_at, created_at) VALUES ('c71jobtrwaphbr8vhwzqlia6', 'Logo Dubnica', 'g0sy2lsidy074lcqh8m6actk.png', 'image/png', 33547, 151, 150, '2026-02-09T20:57:08.125Z', '2026-02-09T20:57:07.750Z') ON CONFLICT (id) DO NOTHING;
INSERT INTO team_logos (id, alt, filename, mime_type, filesize, width, height, updated_at, created_at) VALUES ('pmwvcjyfw4cdz47uqdo437wq', 'Logo Yekaterinburg', 'wzlqa5d7mnomf48yebj0okvg.png', 'image/png', 145063, 241, 150, '2026-02-09T20:27:54.280Z', '2026-02-09T20:27:53.992Z') ON CONFLICT (id) DO NOTHING;
INSERT INTO team_logos (id, alt, filename, mime_type, filesize, width, height, updated_at, created_at) VALUES ('xxxzeygkwzd2c9fxed515hay', 'Logo Vladivostok', 'whs858i6ssaiv4xkylmkqvhe.png', 'image/png', 90381, 150, 150, '2026-02-09T20:27:53.877Z', '2026-02-09T20:27:53.609Z') ON CONFLICT (id) DO NOTHING;
INSERT INTO team_logos (id, alt, filename, mime_type, filesize, width, height, updated_at, created_at) VALUES ('vd3i4289bwhuf38k5di2uerk', 'Logo Tractor Chelyabinsk', 'kx99j723cergh1903mmxl0t6.png', 'image/png', 101198, 168, 150, '2026-02-09T20:27:53.475Z', '2026-02-09T20:27:53.210Z') ON CONFLICT (id) DO NOTHING;
INSERT INTO team_logos (id, alt, filename, mime_type, filesize, width, height, updated_at, created_at) VALUES ('fesl2yljgwdxjdpoj4sizotn', 'Logo Spartak Moscow', 'm8vr4szx2lza1ecnlphqz45r.png', 'image/png', 161887, 269, 150, '2026-02-09T20:27:53.016Z', '2026-02-09T20:27:52.724Z') ON CONFLICT (id) DO NOTHING;
INSERT INTO team_logos (id, alt, filename, mime_type, filesize, width, height, updated_at, created_at) VALUES ('de1dqea4p5yg3zrzzg8m2x1n', 'Logo Sochi', 'b8re183jw2awf7ge1jsi4xt6.png', 'image/png', 75957, 126, 150, '2026-02-09T20:27:52.596Z', '2026-02-09T20:27:52.318Z') ON CONFLICT (id) DO NOTHING;
INSERT INTO team_logos (id, alt, filename, mime_type, filesize, width, height, updated_at, created_at) VALUES ('rezjh4s91gpmw3pdyn1pjkh0', 'Logo SKA St. Petersburg', 'p7spxww5emk6wsyeo9bhn071.png', 'image/png', 66345, 110, 150, '2026-02-09T20:27:52.095Z', '2026-02-09T20:27:51.674Z') ON CONFLICT (id) DO NOTHING;
INSERT INTO team_logos (id, alt, filename, mime_type, filesize, width, height, updated_at, created_at) VALUES ('cqsjkkdx4e3b0lcjifix90wd', 'Logo Shanghai', 'eg4t5xut9j7alblk92dhse9d.png', 'image/png', 95181, 158, 150, '2026-02-09T20:27:51.486Z', '2026-02-09T20:27:51.188Z') ON CONFLICT (id) DO NOTHING;
INSERT INTO team_logos (id, alt, filename, mime_type, filesize, width, height, updated_at, created_at) VALUES ('yo82omtp2q8wu42q0zzkhgft', 'Logo Salavat Ufa', 'q4ul94af92ct910vvp0ei28x.png', 'image/png', 32392, 219, 150, '2026-02-09T20:27:51.067Z', '2026-02-09T20:27:50.798Z') ON CONFLICT (id) DO NOTHING;
INSERT INTO team_logos (id, alt, filename, mime_type, filesize, width, height, updated_at, created_at) VALUES ('ibthsrezv1qogkf72yr04jk6', 'Logo Novosibirsk', 'tuhhwqjddrbtrdkv1t17t0ay.png', 'image/png', 90381, 150, 150, '2026-02-09T20:27:50.599Z', '2026-02-09T20:27:50.284Z') ON CONFLICT (id) DO NOTHING;
INSERT INTO team_logos (id, alt, filename, mime_type, filesize, width, height, updated_at, created_at) VALUES ('sxgs7g3yigfg4qwhhpryqklz', 'Logo Niznekamsk', 'd6w705nzg0oczdblz289heb2.png', 'image/png', 90381, 150, 150, '2026-02-09T20:27:50.154Z', '2026-02-09T20:27:49.794Z') ON CONFLICT (id) DO NOTHING;
INSERT INTO team_logos (id, alt, filename, mime_type, filesize, width, height, updated_at, created_at) VALUES ('e4rken16saiox0n2fs5r34r5', 'Logo Nizhny Novgorod', 'x3wh9leqoxl2plhzebg5jegr.png', 'image/png', 23356, 150, 150, '2026-02-09T20:27:49.685Z', '2026-02-09T20:27:49.434Z') ON CONFLICT (id) DO NOTHING;
INSERT INTO team_logos (id, alt, filename, mime_type, filesize, width, height, updated_at, created_at) VALUES ('oixdjm3ckmkzgonm2trbrgnw', 'Logo Magnitogorsk', 'yxb0yhoyr5eeoqea2u75nlhl.png', 'image/png', 112010, 186, 150, '2026-02-09T20:27:49.322Z', '2026-02-09T20:27:49.046Z') ON CONFLICT (id) DO NOTHING;
INSERT INTO team_logos (id, alt, filename, mime_type, filesize, width, height, updated_at, created_at) VALUES ('hs60s7671fk6cie7jdvh61m2', 'Logo Lokomotiv Yaroslavl', 'qkqurhlev8xba54yktjtu2ru.png', 'image/png', 90381, 150, 150, '2026-02-09T20:27:48.939Z', '2026-02-09T20:27:48.621Z') ON CONFLICT (id) DO NOTHING;
INSERT INTO team_logos (id, alt, filename, mime_type, filesize, width, height, updated_at, created_at) VALUES ('ymw3j4con29jl6m1mwzlm537', 'Logo Lada', 'jmw9qip0n26phzr5n7jcd6ui.png', 'image/png', 90381, 150, 150, '2026-02-09T20:27:48.486Z', '2026-02-09T20:27:48.211Z') ON CONFLICT (id) DO NOTHING;
INSERT INTO team_logos (id, alt, filename, mime_type, filesize, width, height, updated_at, created_at) VALUES ('k9iz459j876jkkqjapzd58wt', 'Logo Khabarovsk', 'i4pdylygirqsuhhajnyv5rl6.png', 'image/png', 90381, 150, 150, '2026-02-09T20:27:48.073Z', '2026-02-09T20:27:47.761Z') ON CONFLICT (id) DO NOTHING;
INSERT INTO team_logos (id, alt, filename, mime_type, filesize, width, height, updated_at, created_at) VALUES ('utu4ijkvcl2ve6z4ar5oyc59', 'Logo Dynamo Moscow', 'dbdq2cpj2rq2102k6usmmpnq.png', 'image/png', 90381, 150, 150, '2026-02-09T20:27:47.614Z', '2026-02-09T20:27:47.327Z') ON CONFLICT (id) DO NOTHING;
INSERT INTO team_logos (id, alt, filename, mime_type, filesize, width, height, updated_at, created_at) VALUES ('qj0blz0tln9iqeingadkd5rv', 'Logo Dinamo Minsk', 'jva6h213v7iq93mb2ivct28m.png', 'image/png', 106598, 177, 150, '2026-02-09T20:27:47.208Z', '2026-02-09T20:27:46.897Z') ON CONFLICT (id) DO NOTHING;
INSERT INTO team_logos (id, alt, filename, mime_type, filesize, width, height, updated_at, created_at) VALUES ('xrgqoikg7efmmnemgrxhqqjr', 'Logo CSKA Moscow', 'qp0bt4dt9ypnsbrujurdiji3.png', 'image/png', 89769, 149, 150, '2026-02-09T20:27:46.786Z', '2026-02-09T20:27:46.476Z') ON CONFLICT (id) DO NOTHING;
INSERT INTO team_logos (id, alt, filename, mime_type, filesize, width, height, updated_at, created_at) VALUES ('ql1jj72bpx0awlso9tg6vfwx', 'Logo Cherepovets', 'madrp3frc2ui5kau2zl8wpfz.png', 'image/png', 90381, 150, 150, '2026-02-09T20:27:46.267Z', '2026-02-09T20:27:45.842Z') ON CONFLICT (id) DO NOTHING;
INSERT INTO team_logos (id, alt, filename, mime_type, filesize, width, height, updated_at, created_at) VALUES ('whxogbgh9ahd4e0wlkcqeqlp', 'Logo Barys Astana', 'qozeliraiakdhgcwyg0umus0.png', 'image/png', 113810, 189, 150, '2026-02-09T20:27:45.716Z', '2026-02-09T20:27:45.366Z') ON CONFLICT (id) DO NOTHING;
INSERT INTO team_logos (id, alt, filename, mime_type, filesize, width, height, updated_at, created_at) VALUES ('ekrqwrrth3sy2pf5cwdhgc3o', 'Logo Bars Kazan', 'n6pa3hpoq9am6u6v7gojm34y.png', 'image/png', 69945, 116, 150, '2026-02-09T20:27:45.148Z', '2026-02-09T20:27:44.869Z') ON CONFLICT (id) DO NOTHING;
INSERT INTO team_logos (id, alt, filename, mime_type, filesize, width, height, updated_at, created_at) VALUES ('ninlkc8y6hk9kjqby0x57uam', 'Logo Avangard Omsk', 'op7u7bpvs7n5xnthscufoarj.png', 'image/png', 176316, 293, 150, '2026-02-09T20:27:44.666Z', '2026-02-09T20:27:44.215Z') ON CONFLICT (id) DO NOTHING;

-- Competitions
INSERT INTO competitions (id, name, slug, status, is_registration_open, start_date, end_date, description, total_played_matches, total_possible_points, recalculation_hour, api_hockey_id, api_hockey_season, updated_at, created_at) VALUES ('m2u0vnxczjnj45pj6tvh6ard', 'Slovenská 1. hokejová liga', 'slovenska-1-hokejova-liga', 'active', true, '2025-09-05T00:00:00.000Z', '2026-03-20T23:59:59.000Z', 'Slovenská 1. hokejová liga Sezóna 2025/2026', 0, 0, 5, '42', 2025, '2026-02-09T20:57:13.433Z', '2026-02-09T20:57:13.433Z') ON CONFLICT (id) DO NOTHING;
INSERT INTO competitions_rels (parent_id, path, membership_tiers_id) VALUES ('m2u0vnxczjnj45pj6tvh6ard', 'requiredTiers', 'lm84qt0hgpc7tqrwpah9bzta') ON CONFLICT DO NOTHING;
INSERT INTO competitions (id, name, slug, status, is_registration_open, start_date, end_date, description, total_played_matches, total_possible_points, recalculation_hour, api_hockey_id, api_hockey_season, updated_at, created_at) VALUES ('a6iaxt5b9l3cs592y7yawg7w', 'KHL', 'khl', 'active', true, '2025-09-05T00:00:00.000Z', '2026-03-20T23:59:59.000Z', 'KHL Sezóna 2025/2026', 0, 0, 5, '35', 2025, '2026-02-09T20:38:45.121Z', '2026-02-09T20:38:45.120Z') ON CONFLICT (id) DO NOTHING;
INSERT INTO competitions_rels (parent_id, path, membership_tiers_id) VALUES ('a6iaxt5b9l3cs592y7yawg7w', 'requiredTiers', 'lm84qt0hgpc7tqrwpah9bzta') ON CONFLICT DO NOTHING;

-- Teams
INSERT INTO teams (id, name, short_name, type, api_hockey_id, logo_id, updated_at, created_at) VALUES ('jnznxuqqpyu2wvrqy5uelufq', 'Ziar nad Hronom', 'ZIA', 'club', '1164', 'm758zw3se6d75fqka86q636m', '2026-02-09T20:57:13.400Z', '2026-02-09T20:57:13.400Z') ON CONFLICT (id) DO NOTHING;
INSERT INTO teams_league_tags (parent_id, value) VALUES ('jnznxuqqpyu2wvrqy5uelufq', 'sk1') ON CONFLICT DO NOTHING;
INSERT INTO teams (id, name, short_name, type, api_hockey_id, logo_id, updated_at, created_at) VALUES ('bc1shxyiojqaokw7ssfbdecy', 'Trnava', 'TRN', 'club', '490', 'jt7pp5fvfr4pkj7w4ii37bfn', '2026-02-09T20:57:12.956Z', '2026-02-09T20:57:12.956Z') ON CONFLICT (id) DO NOTHING;
INSERT INTO teams_league_tags (parent_id, value) VALUES ('bc1shxyiojqaokw7ssfbdecy', 'sk1') ON CONFLICT DO NOTHING;
INSERT INTO teams (id, name, short_name, type, api_hockey_id, logo_id, updated_at, created_at) VALUES ('e7xq9q6m6pjsfgdj3wyjb2cx', 'Topolcany', 'TOP', 'club', '489', 'db0bipupdk5kleoy81iu8wqi', '2026-02-09T20:57:12.580Z', '2026-02-09T20:57:12.580Z') ON CONFLICT (id) DO NOTHING;
INSERT INTO teams_league_tags (parent_id, value) VALUES ('e7xq9q6m6pjsfgdj3wyjb2cx', 'sk1') ON CONFLICT DO NOTHING;
INSERT INTO teams (id, name, short_name, type, api_hockey_id, logo_id, updated_at, created_at) VALUES ('wqsxsr6pbf6frhz5hd89ouhq', 'TEBS Bratislava', 'TEB', 'club', '1156', 'va8l43u0z9uviqvqss47927e', '2026-02-09T20:57:12.204Z', '2026-02-09T20:57:12.204Z') ON CONFLICT (id) DO NOTHING;
INSERT INTO teams_league_tags (parent_id, value) VALUES ('wqsxsr6pbf6frhz5hd89ouhq', 'sk1') ON CONFLICT DO NOTHING;
INSERT INTO teams (id, name, short_name, type, api_hockey_id, logo_id, updated_at, created_at) VALUES ('bim4p58po0wak6razcdl3lbu', 'Slovakia U18', 'SLO', 'national', '487', 's5nxq4r95ycxfiv6t8atfwdt', '2026-02-09T20:57:11.816Z', '2026-02-09T20:57:11.816Z') ON CONFLICT (id) DO NOTHING;
INSERT INTO teams_league_tags (parent_id, value) VALUES ('bim4p58po0wak6razcdl3lbu', 'sk1') ON CONFLICT DO NOTHING;
INSERT INTO teams (id, name, short_name, type, api_hockey_id, logo_id, updated_at, created_at) VALUES ('k0vfrngpwjj4qk321hms1jvh', 'Skalica', 'SKA', 'club', '486', 'v4gdzg41x9xzdlpr3wqel39q', '2026-02-09T20:57:11.440Z', '2026-02-09T20:57:11.439Z') ON CONFLICT (id) DO NOTHING;
INSERT INTO teams_league_tags (parent_id, value) VALUES ('k0vfrngpwjj4qk321hms1jvh', 'sk1') ON CONFLICT DO NOTHING;
INSERT INTO teams (id, name, short_name, type, api_hockey_id, logo_id, updated_at, created_at) VALUES ('jq1j8yoccy6oord1t1vdbnzo', 'Povazska Bystrica', 'POV', 'club', '485', 'a0k70x9xpca9tawgpqjmalln', '2026-02-09T20:57:11.031Z', '2026-02-09T20:57:11.031Z') ON CONFLICT (id) DO NOTHING;
INSERT INTO teams_league_tags (parent_id, value) VALUES ('jq1j8yoccy6oord1t1vdbnzo', 'sk1') ON CONFLICT DO NOTHING;
INSERT INTO teams (id, name, short_name, type, api_hockey_id, logo_id, updated_at, created_at) VALUES ('q4wa8tqs7txm6knojl3m65s2', 'Nove Zamky', 'NOV', 'club', '500', 'rs6bmlm6zv5wpu17g6xuy2r5', '2026-02-09T20:57:10.601Z', '2026-02-09T20:57:10.600Z') ON CONFLICT (id) DO NOTHING;
INSERT INTO teams_league_tags (parent_id, value) VALUES ('q4wa8tqs7txm6knojl3m65s2', 'sk1') ON CONFLICT DO NOTHING;
INSERT INTO teams (id, name, short_name, type, api_hockey_id, logo_id, updated_at, created_at) VALUES ('jdtu11rxcmifimpy3gga7wc8', 'Martin', 'MAR', 'club', '484', 'jan168hipvl5iugt0srtk4a0', '2026-02-09T20:57:10.147Z', '2026-02-09T20:57:10.147Z') ON CONFLICT (id) DO NOTHING;
INSERT INTO teams_league_tags (parent_id, value) VALUES ('jdtu11rxcmifimpy3gga7wc8', 'sk1') ON CONFLICT DO NOTHING;
INSERT INTO teams (id, name, short_name, type, api_hockey_id, logo_id, updated_at, created_at) VALUES ('zi3p0ax1sneg46qp0peqkirr', 'HK Levice', 'HK ', 'club', '2435', 'oudk1et47h9bjh8dk3zij30b', '2026-02-09T20:57:09.608Z', '2026-02-09T20:57:09.608Z') ON CONFLICT (id) DO NOTHING;
INSERT INTO teams_league_tags (parent_id, value) VALUES ('zi3p0ax1sneg46qp0peqkirr', 'sk1') ON CONFLICT DO NOTHING;
INSERT INTO teams (id, name, short_name, type, api_hockey_id, logo_id, updated_at, created_at) VALUES ('d8wvv5sq5t3avg2r69npe8mu', 'HK Detva', 'HK ', 'club', '2231', 'gl2w95rc5v9mh0bz8lxjgjcw', '2026-02-09T20:57:09.227Z', '2026-02-09T20:57:09.227Z') ON CONFLICT (id) DO NOTHING;
INSERT INTO teams_league_tags (parent_id, value) VALUES ('d8wvv5sq5t3avg2r69npe8mu', 'sk1') ON CONFLICT DO NOTHING;
INSERT INTO teams (id, name, short_name, type, api_hockey_id, logo_id, updated_at, created_at) VALUES ('ekpd3u84tk6657j1weimlb80', 'HC 19 Humenne', 'HC ', 'club', '482', 'peb1736jhhwo57spsq1ozxgi', '2026-02-09T20:57:08.553Z', '2026-02-09T20:57:08.553Z') ON CONFLICT (id) DO NOTHING;
INSERT INTO teams_league_tags (parent_id, value) VALUES ('ekpd3u84tk6657j1weimlb80', 'sk1') ON CONFLICT DO NOTHING;
INSERT INTO teams (id, name, short_name, type, api_hockey_id, logo_id, updated_at, created_at) VALUES ('tgvgp83qdf10ohe0yy57e4iw', 'Dubnica', 'DUB', 'club', '481', 'c71jobtrwaphbr8vhwzqlia6', '2026-02-09T20:57:08.143Z', '2026-02-09T20:57:08.143Z') ON CONFLICT (id) DO NOTHING;
INSERT INTO teams_league_tags (parent_id, value) VALUES ('tgvgp83qdf10ohe0yy57e4iw', 'sk1') ON CONFLICT DO NOTHING;
INSERT INTO teams (id, name, short_name, type, api_hockey_id, logo_id, updated_at, created_at) VALUES ('sgq4hcpap4x5amlqwagw26y8', 'Yekaterinburg', 'YEK', 'club', '388', 'pmwvcjyfw4cdz47uqdo437wq', '2026-02-09T20:27:54.295Z', '2026-02-09T20:27:54.295Z') ON CONFLICT (id) DO NOTHING;
INSERT INTO teams_league_tags (parent_id, value) VALUES ('sgq4hcpap4x5amlqwagw26y8', 'khl') ON CONFLICT DO NOTHING;
INSERT INTO teams (id, name, short_name, type, api_hockey_id, logo_id, updated_at, created_at) VALUES ('ws387oz97kcd86iggv224uqo', 'Vladivostok', 'VLA', 'club', '831', 'xxxzeygkwzd2c9fxed515hay', '2026-02-09T20:27:53.893Z', '2026-02-09T20:27:53.893Z') ON CONFLICT (id) DO NOTHING;
INSERT INTO teams_league_tags (parent_id, value) VALUES ('ws387oz97kcd86iggv224uqo', 'khl') ON CONFLICT DO NOTHING;
INSERT INTO teams (id, name, short_name, type, api_hockey_id, logo_id, updated_at, created_at) VALUES ('gow91cn0mssg09ka0mjh5rau', 'Tractor Chelyabinsk', 'TRA', 'club', '387', 'vd3i4289bwhuf38k5di2uerk', '2026-02-09T20:27:53.491Z', '2026-02-09T20:27:53.491Z') ON CONFLICT (id) DO NOTHING;
INSERT INTO teams_league_tags (parent_id, value) VALUES ('gow91cn0mssg09ka0mjh5rau', 'khl') ON CONFLICT DO NOTHING;
INSERT INTO teams (id, name, short_name, type, api_hockey_id, logo_id, updated_at, created_at) VALUES ('qsvjgquujnke7m1840pnjd5i', 'Spartak Moscow', 'SPA', 'club', '386', 'fesl2yljgwdxjdpoj4sizotn', '2026-02-09T20:27:53.039Z', '2026-02-09T20:27:53.039Z') ON CONFLICT (id) DO NOTHING;
INSERT INTO teams_league_tags (parent_id, value) VALUES ('qsvjgquujnke7m1840pnjd5i', 'khl') ON CONFLICT DO NOTHING;
INSERT INTO teams (id, name, short_name, type, api_hockey_id, logo_id, updated_at, created_at) VALUES ('o2rb12dgzovjofea9buvshes', 'Sochi', 'SOC', 'club', '385', 'de1dqea4p5yg3zrzzg8m2x1n', '2026-02-09T20:27:52.615Z', '2026-02-09T20:27:52.614Z') ON CONFLICT (id) DO NOTHING;
INSERT INTO teams_league_tags (parent_id, value) VALUES ('o2rb12dgzovjofea9buvshes', 'khl') ON CONFLICT DO NOTHING;
INSERT INTO teams (id, name, short_name, type, api_hockey_id, logo_id, updated_at, created_at) VALUES ('oh7lhyofsrb035v8752n9e0j', 'SKA St. Petersburg', 'SKA', 'club', '382', 'rezjh4s91gpmw3pdyn1pjkh0', '2026-02-09T20:27:52.111Z', '2026-02-09T20:27:52.111Z') ON CONFLICT (id) DO NOTHING;
INSERT INTO teams_league_tags (parent_id, value) VALUES ('oh7lhyofsrb035v8752n9e0j', 'khl') ON CONFLICT DO NOTHING;
INSERT INTO teams (id, name, short_name, type, api_hockey_id, logo_id, updated_at, created_at) VALUES ('ei9ovmb71to9tjiefzwesp7t', 'Shanghai', 'SHA', 'club', '376', 'cqsjkkdx4e3b0lcjifix90wd', '2026-02-09T20:27:51.503Z', '2026-02-09T20:27:51.503Z') ON CONFLICT (id) DO NOTHING;
INSERT INTO teams_league_tags (parent_id, value) VALUES ('ei9ovmb71to9tjiefzwesp7t', 'khl') ON CONFLICT DO NOTHING;
INSERT INTO teams (id, name, short_name, type, api_hockey_id, logo_id, updated_at, created_at) VALUES ('g7slghcfjq6lg21p1svljgy6', 'Salavat Ufa', 'SAL', 'club', '383', 'yo82omtp2q8wu42q0zzkhgft', '2026-02-09T20:27:51.090Z', '2026-02-09T20:27:51.090Z') ON CONFLICT (id) DO NOTHING;
INSERT INTO teams_league_tags (parent_id, value) VALUES ('g7slghcfjq6lg21p1svljgy6', 'khl') ON CONFLICT DO NOTHING;
INSERT INTO teams (id, name, short_name, type, api_hockey_id, logo_id, updated_at, created_at) VALUES ('iiooib1m186gejopxf5zonvy', 'Novosibirsk', 'NOV', 'club', '1488', 'ibthsrezv1qogkf72yr04jk6', '2026-02-09T20:27:50.619Z', '2026-02-09T20:27:50.619Z') ON CONFLICT (id) DO NOTHING;
INSERT INTO teams_league_tags (parent_id, value) VALUES ('iiooib1m186gejopxf5zonvy', 'khl') ON CONFLICT DO NOTHING;
INSERT INTO teams (id, name, short_name, type, api_hockey_id, logo_id, updated_at, created_at) VALUES ('n84g619yhzrque62ftrmjwah', 'Niznekamsk', 'NIZ', 'club', '380', 'sxgs7g3yigfg4qwhhpryqklz', '2026-02-09T20:27:50.173Z', '2026-02-09T20:27:50.173Z') ON CONFLICT (id) DO NOTHING;
INSERT INTO teams_league_tags (parent_id, value) VALUES ('n84g619yhzrque62ftrmjwah', 'khl') ON CONFLICT DO NOTHING;
INSERT INTO teams (id, name, short_name, type, api_hockey_id, logo_id, updated_at, created_at) VALUES ('o2gskgg9ftpy1vrrqt03yy0x', 'Nizhny Novgorod', 'NIZ', 'club', '379', 'e4rken16saiox0n2fs5r34r5', '2026-02-09T20:27:49.702Z', '2026-02-09T20:27:49.702Z') ON CONFLICT (id) DO NOTHING;
INSERT INTO teams_league_tags (parent_id, value) VALUES ('o2gskgg9ftpy1vrrqt03yy0x', 'khl') ON CONFLICT DO NOTHING;
INSERT INTO teams (id, name, short_name, type, api_hockey_id, logo_id, updated_at, created_at) VALUES ('oni885t0alt9tji7npgrxdg9', 'Magnitogorsk', 'MAG', 'club', '1487', 'oixdjm3ckmkzgonm2trbrgnw', '2026-02-09T20:27:49.348Z', '2026-02-09T20:27:49.348Z') ON CONFLICT (id) DO NOTHING;
INSERT INTO teams_league_tags (parent_id, value) VALUES ('oni885t0alt9tji7npgrxdg9', 'khl') ON CONFLICT DO NOTHING;
INSERT INTO teams (id, name, short_name, type, api_hockey_id, logo_id, updated_at, created_at) VALUES ('g5bioxe7u5pmesefy7pjdlxi', 'Lokomotiv Yaroslavl', 'LOK', 'club', '377', 'hs60s7671fk6cie7jdvh61m2', '2026-02-09T20:27:48.955Z', '2026-02-09T20:27:48.955Z') ON CONFLICT (id) DO NOTHING;
INSERT INTO teams_league_tags (parent_id, value) VALUES ('g5bioxe7u5pmesefy7pjdlxi', 'khl') ON CONFLICT DO NOTHING;
INSERT INTO teams (id, name, short_name, type, api_hockey_id, logo_id, updated_at, created_at) VALUES ('mramooo04zn5l6jkea9wlwfm', 'Lada', 'LAD', 'club', '451', 'ymw3j4con29jl6m1mwzlm537', '2026-02-09T20:27:48.511Z', '2026-02-09T20:27:48.511Z') ON CONFLICT (id) DO NOTHING;
INSERT INTO teams_league_tags (parent_id, value) VALUES ('mramooo04zn5l6jkea9wlwfm', 'khl') ON CONFLICT DO NOTHING;
INSERT INTO teams (id, name, short_name, type, api_hockey_id, logo_id, updated_at, created_at) VALUES ('heyxl2hty5y10nld48p0d4g9', 'Khabarovsk', 'KHA', 'club', '1486', 'k9iz459j876jkkqjapzd58wt', '2026-02-09T20:27:48.097Z', '2026-02-09T20:27:48.097Z') ON CONFLICT (id) DO NOTHING;
INSERT INTO teams_league_tags (parent_id, value) VALUES ('heyxl2hty5y10nld48p0d4g9', 'khl') ON CONFLICT DO NOTHING;
INSERT INTO teams (id, name, short_name, type, api_hockey_id, logo_id, updated_at, created_at) VALUES ('h5rolwckbbf70brgtxh12qj9', 'Dynamo Moscow', 'DYN', 'club', '1485', 'utu4ijkvcl2ve6z4ar5oyc59', '2026-02-09T20:27:47.634Z', '2026-02-09T20:27:47.634Z') ON CONFLICT (id) DO NOTHING;
INSERT INTO teams_league_tags (parent_id, value) VALUES ('h5rolwckbbf70brgtxh12qj9', 'khl') ON CONFLICT DO NOTHING;
INSERT INTO teams (id, name, short_name, type, api_hockey_id, logo_id, updated_at, created_at) VALUES ('g7zykbwhgqrfqo5m6qtn1fiz', 'Dinamo Minsk', 'DIN', 'club', '16', 'qj0blz0tln9iqeingadkd5rv', '2026-02-09T20:27:47.225Z', '2026-02-09T20:27:47.225Z') ON CONFLICT (id) DO NOTHING;
INSERT INTO teams_league_tags (parent_id, value) VALUES ('g7zykbwhgqrfqo5m6qtn1fiz', 'khl') ON CONFLICT DO NOTHING;
INSERT INTO teams (id, name, short_name, type, api_hockey_id, logo_id, updated_at, created_at) VALUES ('cqhb7kkqus9arhi7avsww7pk', 'CSKA Moscow', 'CSK', 'club', '371', 'xrgqoikg7efmmnemgrxhqqjr', '2026-02-09T20:27:46.802Z', '2026-02-09T20:27:46.802Z') ON CONFLICT (id) DO NOTHING;
INSERT INTO teams_league_tags (parent_id, value) VALUES ('cqhb7kkqus9arhi7avsww7pk', 'khl') ON CONFLICT DO NOTHING;
INSERT INTO teams (id, name, short_name, type, api_hockey_id, logo_id, updated_at, created_at) VALUES ('a8ibi0kzuiwgduoxuttwu3sg', 'Cherepovets', 'CHE', 'club', '372', 'ql1jj72bpx0awlso9tg6vfwx', '2026-02-09T20:27:46.287Z', '2026-02-09T20:27:46.286Z') ON CONFLICT (id) DO NOTHING;
INSERT INTO teams_league_tags (parent_id, value) VALUES ('a8ibi0kzuiwgduoxuttwu3sg', 'khl') ON CONFLICT DO NOTHING;
INSERT INTO teams (id, name, short_name, type, api_hockey_id, logo_id, updated_at, created_at) VALUES ('i65xoceditdf72132m9jovlo', 'Barys Astana', 'BAR', 'club', '370', 'whxogbgh9ahd4e0wlkcqeqlp', '2026-02-09T20:27:45.736Z', '2026-02-09T20:27:45.736Z') ON CONFLICT (id) DO NOTHING;
INSERT INTO teams_league_tags (parent_id, value) VALUES ('i65xoceditdf72132m9jovlo', 'khl') ON CONFLICT DO NOTHING;
INSERT INTO teams (id, name, short_name, type, api_hockey_id, logo_id, updated_at, created_at) VALUES ('xn9shjllzbc0876zoxcg5ame', 'Bars Kazan', 'BAR', 'club', '369', 'ekrqwrrth3sy2pf5cwdhgc3o', '2026-02-09T20:27:45.170Z', '2026-02-09T20:27:45.170Z') ON CONFLICT (id) DO NOTHING;
INSERT INTO teams_league_tags (parent_id, value) VALUES ('xn9shjllzbc0876zoxcg5ame', 'khl') ON CONFLICT DO NOTHING;
INSERT INTO teams (id, name, short_name, type, api_hockey_id, logo_id, updated_at, created_at) VALUES ('wgekgib0779c3k33hg2st9rb', 'Avangard Omsk', 'AVA', 'club', '368', 'ninlkc8y6hk9kjqby0x57uam', '2026-02-09T20:27:44.687Z', '2026-02-09T20:27:44.686Z') ON CONFLICT (id) DO NOTHING;
INSERT INTO teams_league_tags (parent_id, value) VALUES ('wgekgib0779c3k33hg2st9rb', 'khl') ON CONFLICT DO NOTHING;

-- Matches
INSERT INTO matches (id, competition_id, date, home_team_id, away_team_id, status, api_hockey_id, api_hockey_status, result, updated_at, created_at) VALUES ('rhx4dxjhcy2lxzih68mzjnzf', 'm2u0vnxczjnj45pj6tvh6ard', '2026-02-20T17:00:00.000Z', 'k0vfrngpwjj4qk321hms1jvh', 'jdtu11rxcmifimpy3gga7wc8', 'scheduled', '415533', 'NS', '{"stage_type":"regular_season","homeScore":0,"awayScore":0,"endingType":"regular","round_label":"44. kolo","round_order":null,"group_name":null,"series_game_number":null,"series_state":null}', '2026-02-09T20:57:18.493Z', '2026-02-09T20:57:18.493Z') ON CONFLICT (id) DO NOTHING;
INSERT INTO matches (id, competition_id, date, home_team_id, away_team_id, status, api_hockey_id, api_hockey_status, result, updated_at, created_at) VALUES ('q9s7xr9ddma677faa1yp6vor', 'm2u0vnxczjnj45pj6tvh6ard', '2026-02-20T17:00:00.000Z', 'jnznxuqqpyu2wvrqy5uelufq', 'q4wa8tqs7txm6knojl3m65s2', 'scheduled', '415532', 'NS', '{"stage_type":"regular_season","homeScore":0,"awayScore":0,"endingType":"regular","round_label":"44. kolo","round_order":null,"group_name":null,"series_game_number":null,"series_state":null}', '2026-02-09T20:57:18.387Z', '2026-02-09T20:57:18.387Z') ON CONFLICT (id) DO NOTHING;
INSERT INTO matches (id, competition_id, date, home_team_id, away_team_id, status, api_hockey_id, api_hockey_status, result, updated_at, created_at) VALUES ('s5m74qjupj0wpxac0jsfezjj', 'm2u0vnxczjnj45pj6tvh6ard', '2026-02-20T17:00:00.000Z', 'zi3p0ax1sneg46qp0peqkirr', 'wqsxsr6pbf6frhz5hd89ouhq', 'scheduled', '415531', 'NS', '{"stage_type":"regular_season","homeScore":0,"awayScore":0,"endingType":"regular","round_label":"44. kolo","round_order":null,"group_name":null,"series_game_number":null,"series_state":null}', '2026-02-09T20:57:18.275Z', '2026-02-09T20:57:18.275Z') ON CONFLICT (id) DO NOTHING;
INSERT INTO matches (id, competition_id, date, home_team_id, away_team_id, status, api_hockey_id, api_hockey_status, result, updated_at, created_at) VALUES ('o16bubjxu0wutkqfgor0d2ye', 'm2u0vnxczjnj45pj6tvh6ard', '2026-02-20T17:00:00.000Z', 'd8wvv5sq5t3avg2r69npe8mu', 'jq1j8yoccy6oord1t1vdbnzo', 'scheduled', '415530', 'NS', '{"stage_type":"regular_season","homeScore":0,"awayScore":0,"endingType":"regular","round_label":"44. kolo","round_order":null,"group_name":null,"series_game_number":null,"series_state":null}', '2026-02-09T20:57:18.169Z', '2026-02-09T20:57:18.169Z') ON CONFLICT (id) DO NOTHING;
INSERT INTO matches (id, competition_id, date, home_team_id, away_team_id, status, api_hockey_id, api_hockey_status, result, updated_at, created_at) VALUES ('fslv2z8sw4w2nw8fkckvw8sj', 'm2u0vnxczjnj45pj6tvh6ard', '2026-02-20T17:00:00.000Z', 'ekpd3u84tk6657j1weimlb80', 'bc1shxyiojqaokw7ssfbdecy', 'scheduled', '415529', 'NS', '{"stage_type":"regular_season","homeScore":0,"awayScore":0,"endingType":"regular","round_label":"44. kolo","round_order":null,"group_name":null,"series_game_number":null,"series_state":null}', '2026-02-09T20:57:18.061Z', '2026-02-09T20:57:18.061Z') ON CONFLICT (id) DO NOTHING;
INSERT INTO matches (id, competition_id, date, home_team_id, away_team_id, status, api_hockey_id, api_hockey_status, result, updated_at, created_at) VALUES ('w5cqisr6uzkt8rnyudex7zth', 'm2u0vnxczjnj45pj6tvh6ard', '2026-02-20T17:00:00.000Z', 'tgvgp83qdf10ohe0yy57e4iw', 'e7xq9q6m6pjsfgdj3wyjb2cx', 'scheduled', '415528', 'NS', '{"stage_type":"regular_season","homeScore":0,"awayScore":0,"endingType":"regular","round_label":"44. kolo","round_order":null,"group_name":null,"series_game_number":null,"series_state":null}', '2026-02-09T20:57:17.955Z', '2026-02-09T20:57:17.955Z') ON CONFLICT (id) DO NOTHING;
INSERT INTO matches (id, competition_id, date, home_team_id, away_team_id, status, api_hockey_id, api_hockey_status, result, updated_at, created_at) VALUES ('a0m3oi61scu20wjazwwnrn0t', 'm2u0vnxczjnj45pj6tvh6ard', '2026-02-19T16:00:00.000Z', 'bim4p58po0wak6razcdl3lbu', 'tgvgp83qdf10ohe0yy57e4iw', 'scheduled', '415527', 'NS', '{"stage_type":"regular_season","homeScore":0,"awayScore":0,"endingType":"regular","round_label":"68. kolo","round_order":null,"group_name":null,"series_game_number":null,"series_state":null}', '2026-02-09T20:57:17.728Z', '2026-02-09T20:57:17.728Z') ON CONFLICT (id) DO NOTHING;
INSERT INTO matches (id, competition_id, date, home_team_id, away_team_id, status, api_hockey_id, api_hockey_status, result, updated_at, created_at) VALUES ('ate89k2nzah1s12cimg1qps5', 'm2u0vnxczjnj45pj6tvh6ard', '2026-02-18T17:00:00.000Z', 'bc1shxyiojqaokw7ssfbdecy', 'jnznxuqqpyu2wvrqy5uelufq', 'scheduled', '415526', 'NS', '{"stage_type":"regular_season","homeScore":0,"awayScore":0,"endingType":"regular","round_label":"43. kolo","round_order":null,"group_name":null,"series_game_number":null,"series_state":null}', '2026-02-09T20:57:17.507Z', '2026-02-09T20:57:17.507Z') ON CONFLICT (id) DO NOTHING;
INSERT INTO matches (id, competition_id, date, home_team_id, away_team_id, status, api_hockey_id, api_hockey_status, result, updated_at, created_at) VALUES ('jodvtniv21dvhndv8ouirnj1', 'm2u0vnxczjnj45pj6tvh6ard', '2026-02-18T17:00:00.000Z', 'e7xq9q6m6pjsfgdj3wyjb2cx', 'zi3p0ax1sneg46qp0peqkirr', 'scheduled', '415525', 'NS', '{"stage_type":"regular_season","homeScore":0,"awayScore":0,"endingType":"regular","round_label":"43. kolo","round_order":null,"group_name":null,"series_game_number":null,"series_state":null}', '2026-02-09T20:57:17.397Z', '2026-02-09T20:57:17.397Z') ON CONFLICT (id) DO NOTHING;
INSERT INTO matches (id, competition_id, date, home_team_id, away_team_id, status, api_hockey_id, api_hockey_status, result, updated_at, created_at) VALUES ('w7p8ja7t2kr0be4o8kitg1ba', 'm2u0vnxczjnj45pj6tvh6ard', '2026-02-18T17:00:00.000Z', 'wqsxsr6pbf6frhz5hd89ouhq', 'k0vfrngpwjj4qk321hms1jvh', 'scheduled', '415524', 'NS', '{"stage_type":"regular_season","homeScore":0,"awayScore":0,"endingType":"regular","round_label":"43. kolo","round_order":null,"group_name":null,"series_game_number":null,"series_state":null}', '2026-02-09T20:57:17.275Z', '2026-02-09T20:57:17.275Z') ON CONFLICT (id) DO NOTHING;
INSERT INTO matches (id, competition_id, date, home_team_id, away_team_id, status, api_hockey_id, api_hockey_status, result, updated_at, created_at) VALUES ('onwld8n824y4v83kgpt5dbky', 'm2u0vnxczjnj45pj6tvh6ard', '2026-02-18T17:00:00.000Z', 'jq1j8yoccy6oord1t1vdbnzo', 'ekpd3u84tk6657j1weimlb80', 'scheduled', '415523', 'NS', '{"stage_type":"regular_season","homeScore":0,"awayScore":0,"endingType":"regular","round_label":"43. kolo","round_order":null,"group_name":null,"series_game_number":null,"series_state":null}', '2026-02-09T20:57:17.042Z', '2026-02-09T20:57:17.042Z') ON CONFLICT (id) DO NOTHING;
INSERT INTO matches (id, competition_id, date, home_team_id, away_team_id, status, api_hockey_id, api_hockey_status, result, updated_at, created_at) VALUES ('gtlrs07vk3p5ctmf5wiq3mly', 'm2u0vnxczjnj45pj6tvh6ard', '2026-02-18T17:00:00.000Z', 'jdtu11rxcmifimpy3gga7wc8', 'd8wvv5sq5t3avg2r69npe8mu', 'scheduled', '415522', 'NS', '{"stage_type":"regular_season","homeScore":0,"awayScore":0,"endingType":"regular","round_label":"43. kolo","round_order":null,"group_name":null,"series_game_number":null,"series_state":null}', '2026-02-09T20:57:16.928Z', '2026-02-09T20:57:16.928Z') ON CONFLICT (id) DO NOTHING;
INSERT INTO matches (id, competition_id, date, home_team_id, away_team_id, status, api_hockey_id, api_hockey_status, result, updated_at, created_at) VALUES ('tkjsi9wkfv8od0z7rthim0wi', 'm2u0vnxczjnj45pj6tvh6ard', '2026-02-17T17:00:00.000Z', 'q4wa8tqs7txm6knojl3m65s2', 'tgvgp83qdf10ohe0yy57e4iw', 'scheduled', '415521', 'NS', '{"stage_type":"regular_season","homeScore":0,"awayScore":0,"endingType":"regular","round_label":"43. kolo","round_order":null,"group_name":null,"series_game_number":null,"series_state":null}', '2026-02-09T20:57:16.698Z', '2026-02-09T20:57:16.698Z') ON CONFLICT (id) DO NOTHING;
INSERT INTO matches (id, competition_id, date, home_team_id, away_team_id, status, api_hockey_id, api_hockey_status, result, updated_at, created_at) VALUES ('t8vxysbee9n273pkgdfgjz37', 'm2u0vnxczjnj45pj6tvh6ard', '2026-02-17T14:30:00.000Z', 'bim4p58po0wak6razcdl3lbu', 'ekpd3u84tk6657j1weimlb80', 'scheduled', '415520', 'NS', '{"stage_type":"regular_season","homeScore":0,"awayScore":0,"endingType":"regular","round_label":"67. kolo","round_order":null,"group_name":null,"series_game_number":null,"series_state":null}', '2026-02-09T20:57:16.583Z', '2026-02-09T20:57:16.583Z') ON CONFLICT (id) DO NOTHING;
INSERT INTO matches (id, competition_id, date, home_team_id, away_team_id, status, api_hockey_id, api_hockey_status, result, updated_at, created_at) VALUES ('t6rcgg24hqj7tsfa36e373qq', 'm2u0vnxczjnj45pj6tvh6ard', '2026-02-15T16:00:00.000Z', 'ekpd3u84tk6657j1weimlb80', 'e7xq9q6m6pjsfgdj3wyjb2cx', 'scheduled', '415503', 'NS', '{"stage_type":"regular_season","homeScore":0,"awayScore":0,"endingType":"regular","round_label":"40. kolo","round_order":null,"group_name":null,"series_game_number":null,"series_state":null}', '2026-02-09T20:57:16.244Z', '2026-02-09T20:57:16.244Z') ON CONFLICT (id) DO NOTHING;
INSERT INTO matches (id, competition_id, date, home_team_id, away_team_id, status, api_hockey_id, api_hockey_status, result, updated_at, created_at) VALUES ('te9el0p8xhqxvxr351g3k00g', 'm2u0vnxczjnj45pj6tvh6ard', '2026-02-15T15:00:00.000Z', 'bc1shxyiojqaokw7ssfbdecy', 'jq1j8yoccy6oord1t1vdbnzo', 'scheduled', '415500', 'NS', '{"stage_type":"regular_season","homeScore":0,"awayScore":0,"endingType":"regular","round_label":"40. kolo","round_order":null,"group_name":null,"series_game_number":null,"series_state":null}', '2026-02-09T20:57:16.137Z', '2026-02-09T20:57:16.137Z') ON CONFLICT (id) DO NOTHING;
INSERT INTO matches (id, competition_id, date, home_team_id, away_team_id, status, api_hockey_id, api_hockey_status, result, updated_at, created_at) VALUES ('nd63811s2ieo75apuo2qsoh1', 'm2u0vnxczjnj45pj6tvh6ard', '2026-02-13T17:00:00.000Z', 'tgvgp83qdf10ohe0yy57e4iw', 'zi3p0ax1sneg46qp0peqkirr', 'scheduled', '415519', 'NS', '{"stage_type":"regular_season","homeScore":0,"awayScore":0,"endingType":"regular","round_label":"42. kolo","round_order":null,"group_name":null,"series_game_number":null,"series_state":null}', '2026-02-09T20:57:15.796Z', '2026-02-09T20:57:15.796Z') ON CONFLICT (id) DO NOTHING;
INSERT INTO matches (id, competition_id, date, home_team_id, away_team_id, status, api_hockey_id, api_hockey_status, result, updated_at, created_at) VALUES ('we680vqwu987r84x01i8uu7x', 'm2u0vnxczjnj45pj6tvh6ard', '2026-02-13T17:00:00.000Z', 'd8wvv5sq5t3avg2r69npe8mu', 'wqsxsr6pbf6frhz5hd89ouhq', 'scheduled', '415518', 'NS', '{"stage_type":"regular_season","homeScore":0,"awayScore":0,"endingType":"regular","round_label":"42. kolo","round_order":null,"group_name":null,"series_game_number":null,"series_state":null}', '2026-02-09T20:57:15.679Z', '2026-02-09T20:57:15.679Z') ON CONFLICT (id) DO NOTHING;
INSERT INTO matches (id, competition_id, date, home_team_id, away_team_id, status, api_hockey_id, api_hockey_status, result, updated_at, created_at) VALUES ('mbgmnpiqlpaeik9jk3lj5jw2', 'm2u0vnxczjnj45pj6tvh6ard', '2026-02-13T17:00:00.000Z', 'ekpd3u84tk6657j1weimlb80', 'jdtu11rxcmifimpy3gga7wc8', 'scheduled', '415517', 'NS', '{"stage_type":"regular_season","homeScore":0,"awayScore":0,"endingType":"regular","round_label":"42. kolo","round_order":null,"group_name":null,"series_game_number":null,"series_state":null}', '2026-02-09T20:57:15.559Z', '2026-02-09T20:57:15.559Z') ON CONFLICT (id) DO NOTHING;
INSERT INTO matches (id, competition_id, date, home_team_id, away_team_id, status, api_hockey_id, api_hockey_status, result, updated_at, created_at) VALUES ('lkkf0pniohygx7qj4ripz5wg', 'm2u0vnxczjnj45pj6tvh6ard', '2026-02-13T17:00:00.000Z', 'jnznxuqqpyu2wvrqy5uelufq', 'jq1j8yoccy6oord1t1vdbnzo', 'scheduled', '415516', 'NS', '{"stage_type":"regular_season","homeScore":0,"awayScore":0,"endingType":"regular","round_label":"42. kolo","round_order":null,"group_name":null,"series_game_number":null,"series_state":null}', '2026-02-09T20:57:15.427Z', '2026-02-09T20:57:15.427Z') ON CONFLICT (id) DO NOTHING;
INSERT INTO matches (id, competition_id, date, home_team_id, away_team_id, status, api_hockey_id, api_hockey_status, result, updated_at, created_at) VALUES ('ksrl1pbh30713m0u187xkgt4', 'm2u0vnxczjnj45pj6tvh6ard', '2026-02-13T17:00:00.000Z', 'q4wa8tqs7txm6knojl3m65s2', 'bc1shxyiojqaokw7ssfbdecy', 'scheduled', '415515', 'NS', '{"stage_type":"regular_season","homeScore":0,"awayScore":0,"endingType":"regular","round_label":"42. kolo","round_order":null,"group_name":null,"series_game_number":null,"series_state":null}', '2026-02-09T20:57:15.317Z', '2026-02-09T20:57:15.317Z') ON CONFLICT (id) DO NOTHING;
INSERT INTO matches (id, competition_id, date, home_team_id, away_team_id, status, api_hockey_id, api_hockey_status, result, updated_at, created_at) VALUES ('h9890cmxn7j73d1jzft6b0xm', 'm2u0vnxczjnj45pj6tvh6ard', '2026-02-13T16:30:00.000Z', 'k0vfrngpwjj4qk321hms1jvh', 'e7xq9q6m6pjsfgdj3wyjb2cx', 'scheduled', '415514', 'NS', '{"stage_type":"regular_season","homeScore":0,"awayScore":0,"endingType":"regular","round_label":"42. kolo","round_order":null,"group_name":null,"series_game_number":null,"series_state":null}', '2026-02-09T20:57:15.207Z', '2026-02-09T20:57:15.207Z') ON CONFLICT (id) DO NOTHING;
INSERT INTO matches (id, competition_id, date, home_team_id, away_team_id, status, api_hockey_id, api_hockey_status, result, updated_at, created_at) VALUES ('aul3cg4kbeydu589g5brm688', 'm2u0vnxczjnj45pj6tvh6ard', '2026-02-12T16:00:00.000Z', 'bim4p58po0wak6razcdl3lbu', 'q4wa8tqs7txm6knojl3m65s2', 'scheduled', '415513', 'NS', '{"stage_type":"regular_season","homeScore":0,"awayScore":0,"endingType":"regular","round_label":"66. kolo","round_order":null,"group_name":null,"series_game_number":null,"series_state":null}', '2026-02-09T20:57:14.982Z', '2026-02-09T20:57:14.981Z') ON CONFLICT (id) DO NOTHING;
INSERT INTO matches (id, competition_id, date, home_team_id, away_team_id, status, api_hockey_id, api_hockey_status, result, updated_at, created_at) VALUES ('k8a3e69n1ub4ubr5x2esntio', 'm2u0vnxczjnj45pj6tvh6ard', '2026-02-11T16:30:00.000Z', 'bc1shxyiojqaokw7ssfbdecy', 'tgvgp83qdf10ohe0yy57e4iw', 'scheduled', '415509', 'NS', '{"stage_type":"regular_season","homeScore":0,"awayScore":0,"endingType":"regular","round_label":"41. kolo","round_order":null,"group_name":null,"series_game_number":null,"series_state":null}', '2026-02-09T20:57:14.761Z', '2026-02-09T20:57:14.761Z') ON CONFLICT (id) DO NOTHING;
INSERT INTO matches (id, competition_id, date, home_team_id, away_team_id, status, api_hockey_id, api_hockey_status, result, updated_at, created_at) VALUES ('fm41z1j4k4h8bk576euxzwdy', 'm2u0vnxczjnj45pj6tvh6ard', '2026-02-10T17:30:00.000Z', 'wqsxsr6pbf6frhz5hd89ouhq', 'ekpd3u84tk6657j1weimlb80', 'scheduled', '415512', 'NS', '{"stage_type":"regular_season","homeScore":0,"awayScore":0,"endingType":"regular","round_label":"41. kolo","round_order":null,"group_name":null,"series_game_number":null,"series_state":null}', '2026-02-09T20:57:14.493Z', '2026-02-09T20:57:14.493Z') ON CONFLICT (id) DO NOTHING;
INSERT INTO matches (id, competition_id, date, home_team_id, away_team_id, status, api_hockey_id, api_hockey_status, result, updated_at, created_at) VALUES ('x28pws1wqvq2lr77l72ttka9', 'm2u0vnxczjnj45pj6tvh6ard', '2026-02-10T17:00:00.000Z', 'e7xq9q6m6pjsfgdj3wyjb2cx', 'd8wvv5sq5t3avg2r69npe8mu', 'scheduled', '415511', 'NS', '{"stage_type":"regular_season","homeScore":0,"awayScore":0,"endingType":"regular","round_label":"41. kolo","round_order":null,"group_name":null,"series_game_number":null,"series_state":null}', '2026-02-09T20:57:14.383Z', '2026-02-09T20:57:14.383Z') ON CONFLICT (id) DO NOTHING;
INSERT INTO matches (id, competition_id, date, home_team_id, away_team_id, status, api_hockey_id, api_hockey_status, result, updated_at, created_at) VALUES ('n6z2k24vcgh24u6n374z2m13', 'm2u0vnxczjnj45pj6tvh6ard', '2026-02-10T17:00:00.000Z', 'zi3p0ax1sneg46qp0peqkirr', 'k0vfrngpwjj4qk321hms1jvh', 'scheduled', '415510', 'NS', '{"stage_type":"regular_season","homeScore":0,"awayScore":0,"endingType":"regular","round_label":"41. kolo","round_order":null,"group_name":null,"series_game_number":null,"series_state":null}', '2026-02-09T20:57:14.269Z', '2026-02-09T20:57:14.269Z') ON CONFLICT (id) DO NOTHING;
INSERT INTO matches (id, competition_id, date, home_team_id, away_team_id, status, api_hockey_id, api_hockey_status, result, updated_at, created_at) VALUES ('b1vsbw69gagtwnpnrz5yp2is', 'm2u0vnxczjnj45pj6tvh6ard', '2026-02-10T17:00:00.000Z', 'jdtu11rxcmifimpy3gga7wc8', 'jnznxuqqpyu2wvrqy5uelufq', 'scheduled', '415508', 'NS', '{"stage_type":"regular_season","homeScore":0,"awayScore":0,"endingType":"regular","round_label":"41. kolo","round_order":null,"group_name":null,"series_game_number":null,"series_state":null}', '2026-02-09T20:57:14.154Z', '2026-02-09T20:57:14.154Z') ON CONFLICT (id) DO NOTHING;
INSERT INTO matches (id, competition_id, date, home_team_id, away_team_id, status, api_hockey_id, api_hockey_status, result, updated_at, created_at) VALUES ('w7shd6yf9ihrx3oe4o94rqvj', 'm2u0vnxczjnj45pj6tvh6ard', '2026-02-10T17:00:00.000Z', 'jq1j8yoccy6oord1t1vdbnzo', 'q4wa8tqs7txm6knojl3m65s2', 'scheduled', '415507', 'NS', '{"stage_type":"regular_season","homeScore":0,"awayScore":0,"endingType":"regular","round_label":"41. kolo","round_order":null,"group_name":null,"series_game_number":null,"series_state":null}', '2026-02-09T20:57:14.038Z', '2026-02-09T20:57:14.038Z') ON CONFLICT (id) DO NOTHING;
INSERT INTO matches (id, competition_id, date, home_team_id, away_team_id, status, api_hockey_id, api_hockey_status, result, updated_at, created_at) VALUES ('ef38ctfjy5t6zasl5bjhniop', 'm2u0vnxczjnj45pj6tvh6ard', '2026-02-10T09:00:00.000Z', 'bim4p58po0wak6razcdl3lbu', 'bc1shxyiojqaokw7ssfbdecy', 'scheduled', '415486', 'NS', '{"stage_type":"regular_season","homeScore":0,"awayScore":0,"endingType":"regular","round_label":"65. kolo","round_order":null,"group_name":null,"series_game_number":null,"series_state":null}', '2026-02-09T20:57:13.876Z', '2026-02-09T20:57:13.875Z') ON CONFLICT (id) DO NOTHING;
INSERT INTO matches (id, competition_id, date, home_team_id, away_team_id, status, api_hockey_id, api_hockey_status, result, updated_at, created_at) VALUES ('v6614kke7cqghfhahjv9v2bp', 'a6iaxt5b9l3cs592y7yawg7w', '2026-02-22T14:00:00.000Z', 'n84g619yhzrque62ftrmjwah', 'iiooib1m186gejopxf5zonvy', 'scheduled', '407332', 'NS', '{"stage_type":"regular_season","homeScore":0,"awayScore":0,"endingType":"regular","round_label":"","round_order":null,"group_name":null,"series_game_number":null,"series_state":null}', '2026-02-09T20:38:53.535Z', '2026-02-09T20:38:53.535Z') ON CONFLICT (id) DO NOTHING;
INSERT INTO matches (id, competition_id, date, home_team_id, away_team_id, status, api_hockey_id, api_hockey_status, result, updated_at, created_at) VALUES ('lb3pc3wc7x7k73l0g54v6fci', 'a6iaxt5b9l3cs592y7yawg7w', '2026-02-22T12:00:00.000Z', 'sgq4hcpap4x5amlqwagw26y8', 'ei9ovmb71to9tjiefzwesp7t', 'scheduled', '407331', 'NS', '{"stage_type":"regular_season","homeScore":0,"awayScore":0,"endingType":"regular","round_label":"","round_order":null,"group_name":null,"series_game_number":null,"series_state":null}', '2026-02-09T20:38:53.419Z', '2026-02-09T20:38:53.419Z') ON CONFLICT (id) DO NOTHING;
INSERT INTO matches (id, competition_id, date, home_team_id, away_team_id, status, api_hockey_id, api_hockey_status, result, updated_at, created_at) VALUES ('zmtz27zajp6yzzz0wa29am6k', 'a6iaxt5b9l3cs592y7yawg7w', '2026-02-22T12:00:00.000Z', 'i65xoceditdf72132m9jovlo', 'a8ibi0kzuiwgduoxuttwu3sg', 'scheduled', '407330', 'NS', '{"stage_type":"regular_season","homeScore":0,"awayScore":0,"endingType":"regular","round_label":"","round_order":null,"group_name":null,"series_game_number":null,"series_state":null}', '2026-02-09T20:38:53.308Z', '2026-02-09T20:38:53.308Z') ON CONFLICT (id) DO NOTHING;
INSERT INTO matches (id, competition_id, date, home_team_id, away_team_id, status, api_hockey_id, api_hockey_status, result, updated_at, created_at) VALUES ('ul9rz9fb81jadow9x1w4yzob', 'a6iaxt5b9l3cs592y7yawg7w', '2026-02-22T11:30:00.000Z', 'g7slghcfjq6lg21p1svljgy6', 'qsvjgquujnke7m1840pnjd5i', 'scheduled', '407329', 'NS', '{"stage_type":"regular_season","homeScore":0,"awayScore":0,"endingType":"regular","round_label":"","round_order":null,"group_name":null,"series_game_number":null,"series_state":null}', '2026-02-09T20:38:53.190Z', '2026-02-09T20:38:53.190Z') ON CONFLICT (id) DO NOTHING;
INSERT INTO matches (id, competition_id, date, home_team_id, away_team_id, status, api_hockey_id, api_hockey_status, result, updated_at, created_at) VALUES ('glg9ehxescq9x2hgwokqd603', 'a6iaxt5b9l3cs592y7yawg7w', '2026-02-22T11:30:00.000Z', 'oni885t0alt9tji7npgrxdg9', 'ws387oz97kcd86iggv224uqo', 'scheduled', '407328', 'NS', '{"stage_type":"regular_season","homeScore":0,"awayScore":0,"endingType":"regular","round_label":"","round_order":null,"group_name":null,"series_game_number":null,"series_state":null}', '2026-02-09T20:38:53.071Z', '2026-02-09T20:38:53.071Z') ON CONFLICT (id) DO NOTHING;
INSERT INTO matches (id, competition_id, date, home_team_id, away_team_id, status, api_hockey_id, api_hockey_status, result, updated_at, created_at) VALUES ('tdhbyaw7sh21ahfin3du2die', 'a6iaxt5b9l3cs592y7yawg7w', '2026-02-22T11:00:00.000Z', 'wgekgib0779c3k33hg2st9rb', 'heyxl2hty5y10nld48p0d4g9', 'scheduled', '407327', 'NS', '{"stage_type":"regular_season","homeScore":0,"awayScore":0,"endingType":"regular","round_label":"","round_order":null,"group_name":null,"series_game_number":null,"series_state":null}', '2026-02-09T20:38:52.953Z', '2026-02-09T20:38:52.953Z') ON CONFLICT (id) DO NOTHING;
INSERT INTO matches (id, competition_id, date, home_team_id, away_team_id, status, api_hockey_id, api_hockey_status, result, updated_at, created_at) VALUES ('wcwt3m9yd716zatsssngsvpt', 'a6iaxt5b9l3cs592y7yawg7w', '2026-02-21T14:00:00.000Z', 'g5bioxe7u5pmesefy7pjdlxi', 'g7zykbwhgqrfqo5m6qtn1fiz', 'scheduled', '407326', 'NS', '{"stage_type":"regular_season","homeScore":0,"awayScore":0,"endingType":"regular","round_label":"","round_order":null,"group_name":null,"series_game_number":null,"series_state":null}', '2026-02-09T20:38:52.724Z', '2026-02-09T20:38:52.724Z') ON CONFLICT (id) DO NOTHING;
INSERT INTO matches (id, competition_id, date, home_team_id, away_team_id, status, api_hockey_id, api_hockey_status, result, updated_at, created_at) VALUES ('z77hhvt8ivd2dl3jh6jvczum', 'a6iaxt5b9l3cs592y7yawg7w', '2026-02-21T14:00:00.000Z', 'o2gskgg9ftpy1vrrqt03yy0x', 'xn9shjllzbc0876zoxcg5ame', 'scheduled', '407325', 'NS', '{"stage_type":"regular_season","homeScore":0,"awayScore":0,"endingType":"regular","round_label":"","round_order":null,"group_name":null,"series_game_number":null,"series_state":null}', '2026-02-09T20:38:52.613Z', '2026-02-09T20:38:52.613Z') ON CONFLICT (id) DO NOTHING;
INSERT INTO matches (id, competition_id, date, home_team_id, away_team_id, status, api_hockey_id, api_hockey_status, result, updated_at, created_at) VALUES ('miqycn5kss1ntnxcmk8bp3um', 'a6iaxt5b9l3cs592y7yawg7w', '2026-02-21T14:00:00.000Z', 'oh7lhyofsrb035v8752n9e0j', 'cqhb7kkqus9arhi7avsww7pk', 'scheduled', '407324', 'NS', '{"stage_type":"regular_season","homeScore":0,"awayScore":0,"endingType":"regular","round_label":"","round_order":null,"group_name":null,"series_game_number":null,"series_state":null}', '2026-02-09T20:38:52.494Z', '2026-02-09T20:38:52.494Z') ON CONFLICT (id) DO NOTHING;
INSERT INTO matches (id, competition_id, date, home_team_id, away_team_id, status, api_hockey_id, api_hockey_status, result, updated_at, created_at) VALUES ('gj2xz7zyldc6o11nthspw0ef', 'a6iaxt5b9l3cs592y7yawg7w', '2026-02-20T16:30:00.000Z', 'n84g619yhzrque62ftrmjwah', 'qsvjgquujnke7m1840pnjd5i', 'scheduled', '407323', 'NS', '{"stage_type":"regular_season","homeScore":0,"awayScore":0,"endingType":"regular","round_label":"","round_order":null,"group_name":null,"series_game_number":null,"series_state":null}', '2026-02-09T20:38:52.270Z', '2026-02-09T20:38:52.270Z') ON CONFLICT (id) DO NOTHING;
INSERT INTO matches (id, competition_id, date, home_team_id, away_team_id, status, api_hockey_id, api_hockey_status, result, updated_at, created_at) VALUES ('fuijji26toher44txp5ue711', 'a6iaxt5b9l3cs592y7yawg7w', '2026-02-20T14:30:00.000Z', 'i65xoceditdf72132m9jovlo', 'ei9ovmb71to9tjiefzwesp7t', 'scheduled', '407322', 'NS', '{"stage_type":"regular_season","homeScore":0,"awayScore":0,"endingType":"regular","round_label":"","round_order":null,"group_name":null,"series_game_number":null,"series_state":null}', '2026-02-09T20:38:52.154Z', '2026-02-09T20:38:52.154Z') ON CONFLICT (id) DO NOTHING;
INSERT INTO matches (id, competition_id, date, home_team_id, away_team_id, status, api_hockey_id, api_hockey_status, result, updated_at, created_at) VALUES ('aaz5df6binc0nn8f79ok1g3s', 'a6iaxt5b9l3cs592y7yawg7w', '2026-02-20T14:00:00.000Z', 'sgq4hcpap4x5amlqwagw26y8', 'ws387oz97kcd86iggv224uqo', 'scheduled', '407321', 'NS', '{"stage_type":"regular_season","homeScore":0,"awayScore":0,"endingType":"regular","round_label":"","round_order":null,"group_name":null,"series_game_number":null,"series_state":null}', '2026-02-09T20:38:52.032Z', '2026-02-09T20:38:52.032Z') ON CONFLICT (id) DO NOTHING;
INSERT INTO matches (id, competition_id, date, home_team_id, away_team_id, status, api_hockey_id, api_hockey_status, result, updated_at, created_at) VALUES ('qttt0ht9q4kqjnimuhzbaqgn', 'a6iaxt5b9l3cs592y7yawg7w', '2026-02-20T14:00:00.000Z', 'gow91cn0mssg09ka0mjh5rau', 'a8ibi0kzuiwgduoxuttwu3sg', 'scheduled', '407320', 'NS', '{"stage_type":"regular_season","homeScore":0,"awayScore":0,"endingType":"regular","round_label":"","round_order":null,"group_name":null,"series_game_number":null,"series_state":null}', '2026-02-09T20:38:51.920Z', '2026-02-09T20:38:51.920Z') ON CONFLICT (id) DO NOTHING;
INSERT INTO matches (id, competition_id, date, home_team_id, away_team_id, status, api_hockey_id, api_hockey_status, result, updated_at, created_at) VALUES ('guxe3kbr7algt4nc91rfv8vd', 'a6iaxt5b9l3cs592y7yawg7w', '2026-02-20T14:00:00.000Z', 'oni885t0alt9tji7npgrxdg9', 'heyxl2hty5y10nld48p0d4g9', 'scheduled', '407319', 'NS', '{"stage_type":"regular_season","homeScore":0,"awayScore":0,"endingType":"regular","round_label":"","round_order":null,"group_name":null,"series_game_number":null,"series_state":null}', '2026-02-09T20:38:51.804Z', '2026-02-09T20:38:51.804Z') ON CONFLICT (id) DO NOTHING;
INSERT INTO matches (id, competition_id, date, home_team_id, away_team_id, status, api_hockey_id, api_hockey_status, result, updated_at, created_at) VALUES ('dm7eub5887qh26ib6guo0bph', 'a6iaxt5b9l3cs592y7yawg7w', '2026-02-20T13:30:00.000Z', 'wgekgib0779c3k33hg2st9rb', 'iiooib1m186gejopxf5zonvy', 'scheduled', '407318', 'NS', '{"stage_type":"regular_season","homeScore":0,"awayScore":0,"endingType":"regular","round_label":"","round_order":null,"group_name":null,"series_game_number":null,"series_state":null}', '2026-02-09T20:38:51.687Z', '2026-02-09T20:38:51.687Z') ON CONFLICT (id) DO NOTHING;
INSERT INTO matches (id, competition_id, date, home_team_id, away_team_id, status, api_hockey_id, api_hockey_status, result, updated_at, created_at) VALUES ('v7jkxnrqoiohd0oyqgd4mrei', 'a6iaxt5b9l3cs592y7yawg7w', '2026-02-19T16:30:00.000Z', 'h5rolwckbbf70brgtxh12qj9', 'o2rb12dgzovjofea9buvshes', 'scheduled', '407317', 'NS', '{"stage_type":"regular_season","homeScore":0,"awayScore":0,"endingType":"regular","round_label":"","round_order":null,"group_name":null,"series_game_number":null,"series_state":null}', '2026-02-09T20:38:51.456Z', '2026-02-09T20:38:51.456Z') ON CONFLICT (id) DO NOTHING;
INSERT INTO matches (id, competition_id, date, home_team_id, away_team_id, status, api_hockey_id, api_hockey_status, result, updated_at, created_at) VALUES ('s9g7fdawlfpstwkwa8x9zfcw', 'a6iaxt5b9l3cs592y7yawg7w', '2026-02-19T15:00:00.000Z', 'mramooo04zn5l6jkea9wlwfm', 'xn9shjllzbc0876zoxcg5ame', 'scheduled', '407316', 'NS', '{"stage_type":"regular_season","homeScore":0,"awayScore":0,"endingType":"regular","round_label":"","round_order":null,"group_name":null,"series_game_number":null,"series_state":null}', '2026-02-09T20:38:51.345Z', '2026-02-09T20:38:51.345Z') ON CONFLICT (id) DO NOTHING;
INSERT INTO matches (id, competition_id, date, home_team_id, away_team_id, status, api_hockey_id, api_hockey_status, result, updated_at, created_at) VALUES ('lqzhr7yfi7rgd8exanvypq8w', 'a6iaxt5b9l3cs592y7yawg7w', '2026-02-18T16:30:00.000Z', 'oh7lhyofsrb035v8752n9e0j', 'a8ibi0kzuiwgduoxuttwu3sg', 'scheduled', '407315', 'NS', '{"stage_type":"regular_season","homeScore":0,"awayScore":0,"endingType":"regular","round_label":"","round_order":null,"group_name":null,"series_game_number":null,"series_state":null}', '2026-02-09T20:38:51.114Z', '2026-02-09T20:38:51.114Z') ON CONFLICT (id) DO NOTHING;
INSERT INTO matches (id, competition_id, date, home_team_id, away_team_id, status, api_hockey_id, api_hockey_status, result, updated_at, created_at) VALUES ('s6b8zbxs2ggxkye9dq730gyy', 'a6iaxt5b9l3cs592y7yawg7w', '2026-02-18T16:30:00.000Z', 'o2gskgg9ftpy1vrrqt03yy0x', 'ei9ovmb71to9tjiefzwesp7t', 'scheduled', '407313', 'NS', '{"stage_type":"regular_season","homeScore":0,"awayScore":0,"endingType":"regular","round_label":"","round_order":null,"group_name":null,"series_game_number":null,"series_state":null}', '2026-02-09T20:38:51.004Z', '2026-02-09T20:38:51.004Z') ON CONFLICT (id) DO NOTHING;
INSERT INTO matches (id, competition_id, date, home_team_id, away_team_id, status, api_hockey_id, api_hockey_status, result, updated_at, created_at) VALUES ('lrkiy8xgltesyzurpblru5xq', 'a6iaxt5b9l3cs592y7yawg7w', '2026-02-18T16:10:00.000Z', 'g7zykbwhgqrfqo5m6qtn1fiz', 'qsvjgquujnke7m1840pnjd5i', 'scheduled', '407314', 'NS', '{"stage_type":"regular_season","homeScore":0,"awayScore":0,"endingType":"regular","round_label":"","round_order":null,"group_name":null,"series_game_number":null,"series_state":null}', '2026-02-09T20:38:50.891Z', '2026-02-09T20:38:50.891Z') ON CONFLICT (id) DO NOTHING;
INSERT INTO matches (id, competition_id, date, home_team_id, away_team_id, status, api_hockey_id, api_hockey_status, result, updated_at, created_at) VALUES ('umgak200ogna2dd9l66k3sql', 'a6iaxt5b9l3cs592y7yawg7w', '2026-02-18T14:00:00.000Z', 'gow91cn0mssg09ka0mjh5rau', 'g7slghcfjq6lg21p1svljgy6', 'scheduled', '407312', 'NS', '{"stage_type":"regular_season","homeScore":0,"awayScore":0,"endingType":"regular","round_label":"","round_order":null,"group_name":null,"series_game_number":null,"series_state":null}', '2026-02-09T20:38:50.778Z', '2026-02-09T20:38:50.778Z') ON CONFLICT (id) DO NOTHING;
INSERT INTO matches (id, competition_id, date, home_team_id, away_team_id, status, api_hockey_id, api_hockey_status, result, updated_at, created_at) VALUES ('bldgxncnhcn5or0v34nyfoen', 'a6iaxt5b9l3cs592y7yawg7w', '2026-02-18T12:30:00.000Z', 'iiooib1m186gejopxf5zonvy', 'heyxl2hty5y10nld48p0d4g9', 'scheduled', '407311', 'NS', '{"stage_type":"regular_season","homeScore":0,"awayScore":0,"endingType":"regular","round_label":"","round_order":null,"group_name":null,"series_game_number":null,"series_state":null}', '2026-02-09T20:38:50.664Z', '2026-02-09T20:38:50.663Z') ON CONFLICT (id) DO NOTHING;
INSERT INTO matches (id, competition_id, date, home_team_id, away_team_id, status, api_hockey_id, api_hockey_status, result, updated_at, created_at) VALUES ('pnl8vqygl6jpm31d7vu0wltd', 'a6iaxt5b9l3cs592y7yawg7w', '2026-02-17T16:00:00.000Z', 'g5bioxe7u5pmesefy7pjdlxi', 'n84g619yhzrque62ftrmjwah', 'scheduled', '407310', 'NS', '{"stage_type":"regular_season","homeScore":0,"awayScore":0,"endingType":"regular","round_label":"","round_order":null,"group_name":null,"series_game_number":null,"series_state":null}', '2026-02-09T20:38:50.424Z', '2026-02-09T20:38:50.424Z') ON CONFLICT (id) DO NOTHING;
INSERT INTO matches (id, competition_id, date, home_team_id, away_team_id, status, api_hockey_id, api_hockey_status, result, updated_at, created_at) VALUES ('x3yxazzysyh80hf9iocsbgh8', 'a6iaxt5b9l3cs592y7yawg7w', '2026-02-17T15:00:00.000Z', 'mramooo04zn5l6jkea9wlwfm', 'cqhb7kkqus9arhi7avsww7pk', 'scheduled', '407309', 'NS', '{"stage_type":"regular_season","homeScore":0,"awayScore":0,"endingType":"regular","round_label":"","round_order":null,"group_name":null,"series_game_number":null,"series_state":null}', '2026-02-09T20:38:50.320Z', '2026-02-09T20:38:50.320Z') ON CONFLICT (id) DO NOTHING;
INSERT INTO matches (id, competition_id, date, home_team_id, away_team_id, status, api_hockey_id, api_hockey_status, result, updated_at, created_at) VALUES ('d7ulquazlfsqzzabel4ubjmt', 'a6iaxt5b9l3cs592y7yawg7w', '2026-02-17T14:30:00.000Z', 'i65xoceditdf72132m9jovlo', 'oni885t0alt9tji7npgrxdg9', 'scheduled', '407308', 'NS', '{"stage_type":"regular_season","homeScore":0,"awayScore":0,"endingType":"regular","round_label":"","round_order":null,"group_name":null,"series_game_number":null,"series_state":null}', '2026-02-09T20:38:50.215Z', '2026-02-09T20:38:50.215Z') ON CONFLICT (id) DO NOTHING;
INSERT INTO matches (id, competition_id, date, home_team_id, away_team_id, status, api_hockey_id, api_hockey_status, result, updated_at, created_at) VALUES ('hc5syevchg1k7gsib9f7tvh0', 'a6iaxt5b9l3cs592y7yawg7w', '2026-02-17T14:00:00.000Z', 'sgq4hcpap4x5amlqwagw26y8', 'o2rb12dgzovjofea9buvshes', 'scheduled', '407307', 'NS', '{"stage_type":"regular_season","homeScore":0,"awayScore":0,"endingType":"regular","round_label":"","round_order":null,"group_name":null,"series_game_number":null,"series_state":null}', '2026-02-09T20:38:50.106Z', '2026-02-09T20:38:50.105Z') ON CONFLICT (id) DO NOTHING;
INSERT INTO matches (id, competition_id, date, home_team_id, away_team_id, status, api_hockey_id, api_hockey_status, result, updated_at, created_at) VALUES ('lgl1edbvtgwzsdr7zzyr8osc', 'a6iaxt5b9l3cs592y7yawg7w', '2026-02-17T13:30:00.000Z', 'wgekgib0779c3k33hg2st9rb', 'xn9shjllzbc0876zoxcg5ame', 'scheduled', '407306', 'NS', '{"stage_type":"regular_season","homeScore":0,"awayScore":0,"endingType":"regular","round_label":"","round_order":null,"group_name":null,"series_game_number":null,"series_state":null}', '2026-02-09T20:38:49.986Z', '2026-02-09T20:38:49.986Z') ON CONFLICT (id) DO NOTHING;
INSERT INTO matches (id, competition_id, date, home_team_id, away_team_id, status, api_hockey_id, api_hockey_status, result, updated_at, created_at) VALUES ('p4wyvkaglxv7xv2sh1jq1eqa', 'a6iaxt5b9l3cs592y7yawg7w', '2026-02-16T16:30:00.000Z', 'oh7lhyofsrb035v8752n9e0j', 'g7slghcfjq6lg21p1svljgy6', 'scheduled', '407305', 'NS', '{"stage_type":"regular_season","homeScore":0,"awayScore":0,"endingType":"regular","round_label":"","round_order":null,"group_name":null,"series_game_number":null,"series_state":null}', '2026-02-09T20:38:49.761Z', '2026-02-09T20:38:49.761Z') ON CONFLICT (id) DO NOTHING;
INSERT INTO matches (id, competition_id, date, home_team_id, away_team_id, status, api_hockey_id, api_hockey_status, result, updated_at, created_at) VALUES ('cdzus8825l7xv647a0qd4vpz', 'a6iaxt5b9l3cs592y7yawg7w', '2026-02-16T09:30:00.000Z', 'ws387oz97kcd86iggv224uqo', 'heyxl2hty5y10nld48p0d4g9', 'scheduled', '407304', 'NS', '{"stage_type":"regular_season","homeScore":0,"awayScore":0,"endingType":"regular","round_label":"","round_order":null,"group_name":null,"series_game_number":null,"series_state":null}', '2026-02-09T20:38:49.651Z', '2026-02-09T20:38:49.651Z') ON CONFLICT (id) DO NOTHING;
INSERT INTO matches (id, competition_id, date, home_team_id, away_team_id, status, api_hockey_id, api_hockey_status, result, updated_at, created_at) VALUES ('jgmj26kin0t9rkn06bhi725d', 'a6iaxt5b9l3cs592y7yawg7w', '2026-02-15T14:00:00.000Z', 'a8ibi0kzuiwgduoxuttwu3sg', 'n84g619yhzrque62ftrmjwah', 'scheduled', '407303', 'NS', '{"stage_type":"regular_season","homeScore":0,"awayScore":0,"endingType":"regular","round_label":"","round_order":null,"group_name":null,"series_game_number":null,"series_state":null}', '2026-02-09T20:38:49.418Z', '2026-02-09T20:38:49.418Z') ON CONFLICT (id) DO NOTHING;
INSERT INTO matches (id, competition_id, date, home_team_id, away_team_id, status, api_hockey_id, api_hockey_status, result, updated_at, created_at) VALUES ('uggnbcrispxfm0de9ssnhsau', 'a6iaxt5b9l3cs592y7yawg7w', '2026-02-15T14:00:00.000Z', 'ei9ovmb71to9tjiefzwesp7t', 'cqhb7kkqus9arhi7avsww7pk', 'scheduled', '407302', 'NS', '{"stage_type":"regular_season","homeScore":0,"awayScore":0,"endingType":"regular","round_label":"","round_order":null,"group_name":null,"series_game_number":null,"series_state":null}', '2026-02-09T20:38:49.306Z', '2026-02-09T20:38:49.306Z') ON CONFLICT (id) DO NOTHING;
INSERT INTO matches (id, competition_id, date, home_team_id, away_team_id, status, api_hockey_id, api_hockey_status, result, updated_at, created_at) VALUES ('nbsu2ecwhji0zicamg7mz536', 'a6iaxt5b9l3cs592y7yawg7w', '2026-02-15T14:00:00.000Z', 'o2gskgg9ftpy1vrrqt03yy0x', 'h5rolwckbbf70brgtxh12qj9', 'scheduled', '407301', 'NS', '{"stage_type":"regular_season","homeScore":0,"awayScore":0,"endingType":"regular","round_label":"","round_order":null,"group_name":null,"series_game_number":null,"series_state":null}', '2026-02-09T20:38:49.190Z', '2026-02-09T20:38:49.189Z') ON CONFLICT (id) DO NOTHING;
INSERT INTO matches (id, competition_id, date, home_team_id, away_team_id, status, api_hockey_id, api_hockey_status, result, updated_at, created_at) VALUES ('stkb38d44dmpkcjitdul6rpa', 'a6iaxt5b9l3cs592y7yawg7w', '2026-02-15T14:00:00.000Z', 'qsvjgquujnke7m1840pnjd5i', 'g7zykbwhgqrfqo5m6qtn1fiz', 'scheduled', '407300', 'NS', '{"stage_type":"regular_season","homeScore":0,"awayScore":0,"endingType":"regular","round_label":"","round_order":null,"group_name":null,"series_game_number":null,"series_state":null}', '2026-02-09T20:38:49.033Z', '2026-02-09T20:38:49.033Z') ON CONFLICT (id) DO NOTHING;
INSERT INTO matches (id, competition_id, date, home_team_id, away_team_id, status, api_hockey_id, api_hockey_status, result, updated_at, created_at) VALUES ('j59onkpk5ekoi5jy7y928yx6', 'a6iaxt5b9l3cs592y7yawg7w', '2026-02-15T11:30:00.000Z', 'sgq4hcpap4x5amlqwagw26y8', 'oni885t0alt9tji7npgrxdg9', 'scheduled', '407299', 'NS', '{"stage_type":"regular_season","homeScore":0,"awayScore":0,"endingType":"regular","round_label":"","round_order":null,"group_name":null,"series_game_number":null,"series_state":null}', '2026-02-09T20:38:48.915Z', '2026-02-09T20:38:48.915Z') ON CONFLICT (id) DO NOTHING;
INSERT INTO matches (id, competition_id, date, home_team_id, away_team_id, status, api_hockey_id, api_hockey_status, result, updated_at, created_at) VALUES ('r0ixc2obndzu8zmkdwby1oxa', 'a6iaxt5b9l3cs592y7yawg7w', '2026-02-15T11:00:00.000Z', 'wgekgib0779c3k33hg2st9rb', 'gow91cn0mssg09ka0mjh5rau', 'scheduled', '407298', 'NS', '{"stage_type":"regular_season","homeScore":0,"awayScore":0,"endingType":"regular","round_label":"","round_order":null,"group_name":null,"series_game_number":null,"series_state":null}', '2026-02-09T20:38:48.798Z', '2026-02-09T20:38:48.798Z') ON CONFLICT (id) DO NOTHING;
INSERT INTO matches (id, competition_id, date, home_team_id, away_team_id, status, api_hockey_id, api_hockey_status, result, updated_at, created_at) VALUES ('am4bh0x8gvei3uhxcxihpyzu', 'a6iaxt5b9l3cs592y7yawg7w', '2026-02-14T14:30:00.000Z', 'o2rb12dgzovjofea9buvshes', 'g5bioxe7u5pmesefy7pjdlxi', 'scheduled', '407297', 'NS', '{"stage_type":"regular_season","homeScore":0,"awayScore":0,"endingType":"regular","round_label":"","round_order":null,"group_name":null,"series_game_number":null,"series_state":null}', '2026-02-09T20:38:48.563Z', '2026-02-09T20:38:48.563Z') ON CONFLICT (id) DO NOTHING;
INSERT INTO matches (id, competition_id, date, home_team_id, away_team_id, status, api_hockey_id, api_hockey_status, result, updated_at, created_at) VALUES ('yizeat1iesq8arzzc045q75t', 'a6iaxt5b9l3cs592y7yawg7w', '2026-02-14T12:00:00.000Z', 'i65xoceditdf72132m9jovlo', 'mramooo04zn5l6jkea9wlwfm', 'scheduled', '407296', 'NS', '{"stage_type":"regular_season","homeScore":0,"awayScore":0,"endingType":"regular","round_label":"","round_order":null,"group_name":null,"series_game_number":null,"series_state":null}', '2026-02-09T20:38:48.443Z', '2026-02-09T20:38:48.443Z') ON CONFLICT (id) DO NOTHING;
INSERT INTO matches (id, competition_id, date, home_team_id, away_team_id, status, api_hockey_id, api_hockey_status, result, updated_at, created_at) VALUES ('xadvgu5rbjivkb2sl860pff5', 'a6iaxt5b9l3cs592y7yawg7w', '2026-02-13T14:00:00.000Z', 'sgq4hcpap4x5amlqwagw26y8', 'h5rolwckbbf70brgtxh12qj9', 'scheduled', '407295', 'NS', '{"stage_type":"regular_season","homeScore":0,"awayScore":0,"endingType":"regular","round_label":"","round_order":null,"group_name":null,"series_game_number":null,"series_state":null}', '2026-02-09T20:38:48.220Z', '2026-02-09T20:38:48.220Z') ON CONFLICT (id) DO NOTHING;
INSERT INTO matches (id, competition_id, date, home_team_id, away_team_id, status, api_hockey_id, api_hockey_status, result, updated_at, created_at) VALUES ('l90ichxga51t04ochz11hqbz', 'a6iaxt5b9l3cs592y7yawg7w', '2026-02-13T14:00:00.000Z', 'g7slghcfjq6lg21p1svljgy6', 'oni885t0alt9tji7npgrxdg9', 'scheduled', '407294', 'NS', '{"stage_type":"regular_season","homeScore":0,"awayScore":0,"endingType":"regular","round_label":"","round_order":null,"group_name":null,"series_game_number":null,"series_state":null}', '2026-02-09T20:38:48.103Z', '2026-02-09T20:38:48.103Z') ON CONFLICT (id) DO NOTHING;
INSERT INTO matches (id, competition_id, date, home_team_id, away_team_id, status, api_hockey_id, api_hockey_status, result, updated_at, created_at) VALUES ('g9kbe6lmki3n110c4kmmcmjx', 'a6iaxt5b9l3cs592y7yawg7w', '2026-02-13T09:30:00.000Z', 'ws387oz97kcd86iggv224uqo', 'gow91cn0mssg09ka0mjh5rau', 'scheduled', '407293', 'NS', '{"stage_type":"regular_season","homeScore":0,"awayScore":0,"endingType":"regular","round_label":"","round_order":null,"group_name":null,"series_game_number":null,"series_state":null}', '2026-02-09T20:38:47.994Z', '2026-02-09T20:38:47.994Z') ON CONFLICT (id) DO NOTHING;
INSERT INTO matches (id, competition_id, date, home_team_id, away_team_id, status, api_hockey_id, api_hockey_status, result, updated_at, created_at) VALUES ('bccbw3gquz9h9jvtvmuooyhy', 'a6iaxt5b9l3cs592y7yawg7w', '2026-02-13T09:15:00.000Z', 'heyxl2hty5y10nld48p0d4g9', 'wgekgib0779c3k33hg2st9rb', 'scheduled', '407292', 'NS', '{"stage_type":"regular_season","homeScore":0,"awayScore":0,"endingType":"regular","round_label":"","round_order":null,"group_name":null,"series_game_number":null,"series_state":null}', '2026-02-09T20:38:47.886Z', '2026-02-09T20:38:47.886Z') ON CONFLICT (id) DO NOTHING;
INSERT INTO matches (id, competition_id, date, home_team_id, away_team_id, status, api_hockey_id, api_hockey_status, result, updated_at, created_at) VALUES ('xik2vop9ctj1a75h8ocb9ctg', 'a6iaxt5b9l3cs592y7yawg7w', '2026-02-12T16:30:00.000Z', 'qsvjgquujnke7m1840pnjd5i', 'cqhb7kkqus9arhi7avsww7pk', 'scheduled', '407291', 'NS', '{"stage_type":"regular_season","homeScore":0,"awayScore":0,"endingType":"regular","round_label":"","round_order":null,"group_name":null,"series_game_number":null,"series_state":null}', '2026-02-09T20:38:47.657Z', '2026-02-09T20:38:47.657Z') ON CONFLICT (id) DO NOTHING;
INSERT INTO matches (id, competition_id, date, home_team_id, away_team_id, status, api_hockey_id, api_hockey_status, result, updated_at, created_at) VALUES ('y53kyp7no7y0fb3vb2qenig3', 'a6iaxt5b9l3cs592y7yawg7w', '2026-02-12T16:30:00.000Z', 'ei9ovmb71to9tjiefzwesp7t', 'a8ibi0kzuiwgduoxuttwu3sg', 'scheduled', '407290', 'NS', '{"stage_type":"regular_season","homeScore":0,"awayScore":0,"endingType":"regular","round_label":"","round_order":null,"group_name":null,"series_game_number":null,"series_state":null}', '2026-02-09T20:38:47.544Z', '2026-02-09T20:38:47.544Z') ON CONFLICT (id) DO NOTHING;
INSERT INTO matches (id, competition_id, date, home_team_id, away_team_id, status, api_hockey_id, api_hockey_status, result, updated_at, created_at) VALUES ('xsz7530il7gwt8qu0tcqynfj', 'a6iaxt5b9l3cs592y7yawg7w', '2026-02-12T16:10:00.000Z', 'g7zykbwhgqrfqo5m6qtn1fiz', 'g5bioxe7u5pmesefy7pjdlxi', 'scheduled', '407289', 'NS', '{"stage_type":"regular_season","homeScore":0,"awayScore":0,"endingType":"regular","round_label":"","round_order":null,"group_name":null,"series_game_number":null,"series_state":null}', '2026-02-09T20:38:47.430Z', '2026-02-09T20:38:47.430Z') ON CONFLICT (id) DO NOTHING;
INSERT INTO matches (id, competition_id, date, home_team_id, away_team_id, status, api_hockey_id, api_hockey_status, result, updated_at, created_at) VALUES ('gvtskipik4e3zd4ooz1upmz1', 'a6iaxt5b9l3cs592y7yawg7w', '2026-02-12T16:00:00.000Z', 'n84g619yhzrque62ftrmjwah', 'o2rb12dgzovjofea9buvshes', 'scheduled', '407288', 'NS', '{"stage_type":"regular_season","homeScore":0,"awayScore":0,"endingType":"regular","round_label":"","round_order":null,"group_name":null,"series_game_number":null,"series_state":null}', '2026-02-09T20:38:47.319Z', '2026-02-09T20:38:47.319Z') ON CONFLICT (id) DO NOTHING;
INSERT INTO matches (id, competition_id, date, home_team_id, away_team_id, status, api_hockey_id, api_hockey_status, result, updated_at, created_at) VALUES ('xctjhftn8w8tba880vckxf99', 'a6iaxt5b9l3cs592y7yawg7w', '2026-02-12T16:00:00.000Z', 'xn9shjllzbc0876zoxcg5ame', 'o2gskgg9ftpy1vrrqt03yy0x', 'scheduled', '407287', 'NS', '{"stage_type":"regular_season","homeScore":0,"awayScore":0,"endingType":"regular","round_label":"","round_order":null,"group_name":null,"series_game_number":null,"series_state":null}', '2026-02-09T20:38:47.210Z', '2026-02-09T20:38:47.210Z') ON CONFLICT (id) DO NOTHING;
INSERT INTO matches (id, competition_id, date, home_team_id, away_team_id, status, api_hockey_id, api_hockey_status, result, updated_at, created_at) VALUES ('wk6m6gbni7akctaw4x7q3jf9', 'a6iaxt5b9l3cs592y7yawg7w', '2026-02-12T14:30:00.000Z', 'i65xoceditdf72132m9jovlo', 'oh7lhyofsrb035v8752n9e0j', 'scheduled', '407286', 'NS', '{"stage_type":"regular_season","homeScore":0,"awayScore":0,"endingType":"regular","round_label":"","round_order":null,"group_name":null,"series_game_number":null,"series_state":null}', '2026-02-09T20:38:47.098Z', '2026-02-09T20:38:47.098Z') ON CONFLICT (id) DO NOTHING;
INSERT INTO matches (id, competition_id, date, home_team_id, away_team_id, status, api_hockey_id, api_hockey_status, result, updated_at, created_at) VALUES ('it8vk4zzw68lcgpsfk24nxb5', 'a6iaxt5b9l3cs592y7yawg7w', '2026-02-12T12:30:00.000Z', 'iiooib1m186gejopxf5zonvy', 'mramooo04zn5l6jkea9wlwfm', 'scheduled', '407285', 'NS', '{"stage_type":"regular_season","homeScore":0,"awayScore":0,"endingType":"regular","round_label":"","round_order":null,"group_name":null,"series_game_number":null,"series_state":null}', '2026-02-09T20:38:46.986Z', '2026-02-09T20:38:46.985Z') ON CONFLICT (id) DO NOTHING;
INSERT INTO matches (id, competition_id, date, home_team_id, away_team_id, status, api_hockey_id, api_hockey_status, result, updated_at, created_at) VALUES ('n6ojxyow1zvqn48rs8znrviy', 'a6iaxt5b9l3cs592y7yawg7w', '2026-02-11T09:30:00.000Z', 'ws387oz97kcd86iggv224uqo', 'wgekgib0779c3k33hg2st9rb', 'scheduled', '407284', 'NS', '{"stage_type":"regular_season","homeScore":0,"awayScore":0,"endingType":"regular","round_label":"","round_order":null,"group_name":null,"series_game_number":null,"series_state":null}', '2026-02-09T20:38:46.750Z', '2026-02-09T20:38:46.750Z') ON CONFLICT (id) DO NOTHING;
INSERT INTO matches (id, competition_id, date, home_team_id, away_team_id, status, api_hockey_id, api_hockey_status, result, updated_at, created_at) VALUES ('fv3w54qo7r2ug7tn4r57tp7c', 'a6iaxt5b9l3cs592y7yawg7w', '2026-02-11T09:15:00.000Z', 'heyxl2hty5y10nld48p0d4g9', 'gow91cn0mssg09ka0mjh5rau', 'scheduled', '407283', 'NS', '{"stage_type":"regular_season","homeScore":0,"awayScore":0,"endingType":"regular","round_label":"","round_order":null,"group_name":null,"series_game_number":null,"series_state":null}', '2026-02-09T20:38:46.638Z', '2026-02-09T20:38:46.638Z') ON CONFLICT (id) DO NOTHING;
INSERT INTO matches (id, competition_id, date, home_team_id, away_team_id, status, api_hockey_id, api_hockey_status, result, updated_at, created_at) VALUES ('t1ztzpz9rmlrzq4a2v23nkro', 'a6iaxt5b9l3cs592y7yawg7w', '2026-02-10T16:30:00.000Z', 'qsvjgquujnke7m1840pnjd5i', 'h5rolwckbbf70brgtxh12qj9', 'scheduled', '407282', 'NS', '{"stage_type":"regular_season","homeScore":0,"awayScore":0,"endingType":"regular","round_label":"","round_order":null,"group_name":null,"series_game_number":null,"series_state":null}', '2026-02-09T20:38:46.412Z', '2026-02-09T20:38:46.412Z') ON CONFLICT (id) DO NOTHING;
INSERT INTO matches (id, competition_id, date, home_team_id, away_team_id, status, api_hockey_id, api_hockey_status, result, updated_at, created_at) VALUES ('kiz94k76tjnt0ehcjcelsnvb', 'a6iaxt5b9l3cs592y7yawg7w', '2026-02-10T16:30:00.000Z', 'ei9ovmb71to9tjiefzwesp7t', 'g5bioxe7u5pmesefy7pjdlxi', 'scheduled', '407281', 'NS', '{"stage_type":"regular_season","homeScore":0,"awayScore":0,"endingType":"regular","round_label":"","round_order":null,"group_name":null,"series_game_number":null,"series_state":null}', '2026-02-09T20:38:46.305Z', '2026-02-09T20:38:46.305Z') ON CONFLICT (id) DO NOTHING;
INSERT INTO matches (id, competition_id, date, home_team_id, away_team_id, status, api_hockey_id, api_hockey_status, result, updated_at, created_at) VALUES ('n2vy3c8729771pk7vcophx9l', 'a6iaxt5b9l3cs592y7yawg7w', '2026-02-10T16:30:00.000Z', 'n84g619yhzrque62ftrmjwah', 'oh7lhyofsrb035v8752n9e0j', 'scheduled', '407279', 'NS', '{"stage_type":"regular_season","homeScore":0,"awayScore":0,"endingType":"regular","round_label":"","round_order":null,"group_name":null,"series_game_number":null,"series_state":null}', '2026-02-09T20:38:46.187Z', '2026-02-09T20:38:46.187Z') ON CONFLICT (id) DO NOTHING;
INSERT INTO matches (id, competition_id, date, home_team_id, away_team_id, status, api_hockey_id, api_hockey_status, result, updated_at, created_at) VALUES ('tgbevrxy429a9th4avw9jkan', 'a6iaxt5b9l3cs592y7yawg7w', '2026-02-10T16:10:00.000Z', 'g7zykbwhgqrfqo5m6qtn1fiz', 'a8ibi0kzuiwgduoxuttwu3sg', 'scheduled', '407280', 'NS', '{"stage_type":"regular_season","homeScore":0,"awayScore":0,"endingType":"regular","round_label":"","round_order":null,"group_name":null,"series_game_number":null,"series_state":null}', '2026-02-09T20:38:46.081Z', '2026-02-09T20:38:46.081Z') ON CONFLICT (id) DO NOTHING;
INSERT INTO matches (id, competition_id, date, home_team_id, away_team_id, status, api_hockey_id, api_hockey_status, result, updated_at, created_at) VALUES ('jf9b7xde9ammac0l2vuolqz3', 'a6iaxt5b9l3cs592y7yawg7w', '2026-02-10T15:00:00.000Z', 'mramooo04zn5l6jkea9wlwfm', 'o2gskgg9ftpy1vrrqt03yy0x', 'scheduled', '407278', 'NS', '{"stage_type":"regular_season","homeScore":0,"awayScore":0,"endingType":"regular","round_label":"","round_order":null,"group_name":null,"series_game_number":null,"series_state":null}', '2026-02-09T20:38:45.969Z', '2026-02-09T20:38:45.969Z') ON CONFLICT (id) DO NOTHING;
INSERT INTO matches (id, competition_id, date, home_team_id, away_team_id, status, api_hockey_id, api_hockey_status, result, updated_at, created_at) VALUES ('aj3vb9ab7o27pv6grcn1qr8g', 'a6iaxt5b9l3cs592y7yawg7w', '2026-02-10T14:00:00.000Z', 'oni885t0alt9tji7npgrxdg9', 'sgq4hcpap4x5amlqwagw26y8', 'scheduled', '407277', 'NS', '{"stage_type":"regular_season","homeScore":0,"awayScore":0,"endingType":"regular","round_label":"","round_order":null,"group_name":null,"series_game_number":null,"series_state":null}', '2026-02-09T20:38:45.848Z', '2026-02-09T20:38:45.848Z') ON CONFLICT (id) DO NOTHING;
INSERT INTO matches (id, competition_id, date, home_team_id, away_team_id, status, api_hockey_id, api_hockey_status, result, updated_at, created_at) VALUES ('y5mvbx6tf3h0xbuy8epkb2ix', 'a6iaxt5b9l3cs592y7yawg7w', '2026-02-10T12:30:00.000Z', 'iiooib1m186gejopxf5zonvy', 'o2rb12dgzovjofea9buvshes', 'scheduled', '407276', 'NS', '{"stage_type":"regular_season","homeScore":0,"awayScore":0,"endingType":"regular","round_label":"","round_order":null,"group_name":null,"series_game_number":null,"series_state":null}', '2026-02-09T20:38:45.721Z', '2026-02-09T20:38:45.721Z') ON CONFLICT (id) DO NOTHING;
